ID,CASE_NUMBER,DATE,PRIMARY_TYPE,DESCRIPTION,LOCATION_DESCRIPTION,ARREST,COMMUNITY_AREA_NUMBER
3512276,HK587712,2004-08-28,THEFT,FROM BUILDING,SMALL RETAIL STORE,FALSE,58
3406613,HK456306,2004-06-26,THEFT,$500 AND UNDER,OTHER,FALSE,23
8002131,HT233595,2011-04-04,THEFT,$500 AND UNDER,NURSING HOME/RETIREMENT HOME,FALSE,38
7903289,HT133522,2010-12-30,THEFT,FINANCIAL ID THEFT: OVER $300,RESIDENCE,FALSE,46
10402076,HZ138551,2016-02-02,THEFT,$500 AND UNDER,ALLEY,FALSE,66
7732712,HS540106,2010-09-29,THEFT,OVER $500,PARKING LOT/GARAGE(NON.RESID.),FALSE,24
10769475,HZ534771,2016-11-30,THEFT,OVER $500,STREET,FALSE,14
4494340,HL793243,2005-12-16,THEFT,RETAIL THEFT,GROCERY FOOD STORE,TRUE,38
3778925,HL149610,2005-01-28,THEFT,OVER $500,STREET,FALSE,72
3324217,HK361551,2004-05-13,THEFT,$500 AND UNDER,SMALL RETAIL STORE,FALSE,21
9902691,HX552797,2014-12-23,THEFT,RETAIL THEFT,DEPARTMENT STORE,TRUE,65
7947964,HT180228,2011-02-26,THEFT,$500 AND UNDER,BAR OR TAVERN,FALSE,28
8568365,HV243612,2012-04-15,THEFT,$500 AND UNDER,RESIDENTIAL YARD (FRONT/BACK),FALSE,49
5343947,HN200365,2007-02-26,THEFT,AGG: FINANCIAL ID THEFT,OTHER,FALSE,28
3121541,HK108680,2003-01-05,THEFT,FROM BUILDING,RESIDENCE PORCH/HALLWAY,FALSE,26
10209850,HY396729,2015-08-24,THEFT,$500 AND UNDER,PARKING LOT/GARAGE(NON.RESID.),FALSE,22
6866556,HR271603,2009-04-16,THEFT,RETAIL THEFT,OTHER,TRUE,48
9681782,HX332132,2014-07-04,THEFT,$500 AND UNDER,CTA PLATFORM,FALSE,44
9166453,HW303994,2013-06-04,THEFT,OVER $500,VACANT LOT/LAND,FALSE,25
7762423,HS569246,2010-10-17,THEFT,PURSE-SNATCHING,SIDEWALK,FALSE,25
10046030,HY234744,2015-04-24,THEFT,RETAIL THEFT,DEPARTMENT STORE,TRUE,8
6233210,HP320451,2008-05-06,THEFT,RETAIL THEFT,DEPARTMENT STORE,FALSE,32
5677874,HN484464,2007-07-22,THEFT,$500 AND UNDER,STREET,FALSE,69
11230490,JB151690,2018-02-14,THEFT,RETAIL THEFT,GROCERY FOOD STORE,TRUE,59
7172285,HR582990,2009-10-11,THEFT,OVER $500,STREET,FALSE,68
7125811,HR535632,2009-09-13,THEFT,$500 AND UNDER,ATHLETIC CLUB,FALSE,14
2219750,HH486939,2002-07-03,THEFT,POCKET-PICKING,AIRPORT/AIRCRAFT,FALSE,76
9296677,HW441620,2013-09-07,THEFT,$500 AND UNDER,STREET,FALSE,66
2889910,HJ561433,2003-08-13,THEFT,OVER $500,PARKING LOT/GARAGE(NON.RESID.),FALSE,73
7173960,HR583513,2009-10-11,THEFT,OVER $500,STREET,FALSE,44
9859793,HX509438,2014-11-16,THEFT,FROM BUILDING,OTHER,FALSE,32
7868443,HS681158,2010-12-21,THEFT,OVER $500,APARTMENT,FALSE,35
3314082,HK350670,2004-05-07,THEFT,RETAIL THEFT,SMALL RETAIL STORE,FALSE,6
1516518,G256545,2001-05-04,THEFT,$500 AND UNDER,SMALL RETAIL STORE,TRUE,
10952376,JA272438,2017-05-20,THEFT,$500 AND UNDER,SIDEWALK,FALSE,30
2000970,HH201585,2002-02-22,THEFT,OVER $500,BAR OR TAVERN,FALSE,
1476982,G212935,2001-04-14,THEFT,ATTEMPT THEFT,MOVIE HOUSE/THEATER,FALSE,
4273693,HL590300,2005-08-31,THEFT,OVER $500,STREET,FALSE,23
4067549,HL409680,2005-06-09,THEFT,$500 AND UNDER,STREET,FALSE,68
4718689,HM324025,2006-05-01,THEFT,RETAIL THEFT,GROCERY FOOD STORE,TRUE,8
1845995,G662598,2001-11-03,THEFT,$500 AND UNDER,DEPARTMENT STORE,TRUE,
8678872,HV353560,2012-04-15,THEFT,FROM BUILDING,RESIDENCE,FALSE,43
6855661,HR261581,2009-04-10,THEFT,RETAIL THEFT,GROCERY FOOD STORE,TRUE,31
4385612,HL680775,2005-10-14,THEFT,$500 AND UNDER,VEHICLE NON-COMMERCIAL,FALSE,24
4929211,HM543491,2006-06-29,THEFT,OVER $500,STREET,FALSE,5
9978032,HY167451,2015-02-27,THEFT,$500 AND UNDER,SIDEWALK,FALSE,68
10190267,HY377901,2015-08-10,THEFT,OVER $500,SIDEWALK,FALSE,22
9575333,HX225704,2014-04-16,THEFT,FROM BUILDING,RESTAURANT,FALSE,32
2688426,HJ308632,2003-04-17,THEFT,OVER $500,RESIDENCE-GARAGE,FALSE,25
8854340,HV528008,2012-10-20,THEFT,FROM BUILDING,NURSING HOME/RETIREMENT HOME,FALSE,6
3704662,HK801112,2004-12-10,THEFT,OVER $500,STREET,FALSE,68
7724785,HS532107,2010-09-11,THEFT,FROM BUILDING,APARTMENT,FALSE,42
10943516,JA261898,2017-05-13,THEFT,$500 AND UNDER,STREET,FALSE,25
11185089,JA559176,2017-12-20,THEFT,OVER $500,RESIDENCE,FALSE,29
11072808,JA412895,2017-08-31,THEFT,OVER $500,RESIDENTIAL YARD (FRONT/BACK),FALSE,23
10084732,HY273740,2015-05-24,THEFT,$500 AND UNDER,BAR OR TAVERN,FALSE,8
10485657,HZ224258,2016-04-12,THEFT,$500 AND UNDER,STREET,FALSE,25
2963994,HJ652747,2003-09-26,THEFT,$500 AND UNDER,STREET,FALSE,28
1340847,G040244,2001-01-19,THEFT,$500 AND UNDER,GROCERY FOOD STORE,TRUE,
2771112,HJ415128,2003-06-08,THEFT,OVER $500,VEHICLE NON-COMMERCIAL,FALSE,59
8861185,HV534721,2012-10-25,THEFT,$500 AND UNDER,DEPARTMENT STORE,FALSE,7
11143628,JA503725,2017-11-08,THEFT,$500 AND UNDER,STREET,TRUE,67
5214424,HM803061,2006-12-31,THEFT,RETAIL THEFT,GROCERY FOOD STORE,TRUE,6
5931425,HN731220,2007-11-21,THEFT,FROM BUILDING,COMMERCIAL / BUSINESS OFFICE,FALSE,32
6622100,HP691879,2008-11-17,THEFT,$500 AND UNDER,APARTMENT,FALSE,39
8863261,HV537004,2012-10-25,THEFT,OVER $500,OTHER,FALSE,77
6731976,HR149903,2009-02-02,THEFT,FROM BUILDING,TAVERN/LIQUOR STORE,FALSE,6
9664739,HX314361,2014-06-21,THEFT,$500 AND UNDER,STREET,FALSE,31
8670090,HV345270,2012-06-20,THEFT,FROM BUILDING,CONSTRUCTION SITE,FALSE,61
7505841,HS308747,2010-05-15,THEFT,FROM BUILDING,GAS STATION,FALSE,49
3637126,HK728309,2004-11-03,THEFT,$500 AND UNDER,STREET,FALSE,23
4153041,HL005270,2005-07-12,THEFT,$500 AND UNDER,GAS STATION,FALSE,25
10102551,HY291329,2015-06-06,THEFT,RETAIL THEFT,DRUG STORE,FALSE,2
2988938,HJ678713,2003-10-07,THEFT,OVER $500,PARKING LOT/GARAGE(NON.RESID.),FALSE,63
10225755,HY412959,2015-09-05,THEFT,$500 AND UNDER,RESIDENCE,FALSE,67
9499852,HX155070,2014-02-17,THEFT,OVER $500,PARKING LOT/GARAGE(NON.RESID.),FALSE,69
8727329,HV402967,2012-07-27,THEFT,OVER $500,STREET,FALSE,64
9682442,HX332979,2014-07-05,THEFT,$500 AND UNDER,APARTMENT,FALSE,62
3013050,HJ710634,2003-10-22,THEFT,OVER $500,STREET,FALSE,66
9509922,HX165034,2014-02-25,THEFT,$500 AND UNDER,RESIDENCE,FALSE,75
6980726,HR385117,2009-06-20,THEFT,RETAIL THEFT,SMALL RETAIL STORE,TRUE,65
7428379,HS230912,2010-03-29,THEFT,FROM BUILDING,RESIDENCE PORCH/HALLWAY,FALSE,49
3808095,HL177398,2005-02-12,THEFT,RETAIL THEFT,DEPARTMENT STORE,FALSE,22
2405698,HH702524,2002-10-09,THEFT,$500 AND UNDER,STREET,FALSE,28
11048967,JA384163,2017-08-02,THEFT,$500 AND UNDER,RESIDENCE,FALSE,21
2975480,HJ672058,2003-10-01,THEFT,$500 AND UNDER,STREET,FALSE,24
8134254,HT368471,2011-06-26,THEFT,FROM BUILDING,RESIDENCE PORCH/HALLWAY,FALSE,1
10012707,HY202462,2015-03-28,THEFT,OVER $500,STREET,FALSE,15
9704121,HX354359,2014-07-21,THEFT,$500 AND UNDER,CTA BUS,FALSE,30
10409937,HZ146741,2016-02-09,THEFT,$500 AND UNDER,STREET,FALSE,71
1612358,G376790,2001-06-28,THEFT,$500 AND UNDER,DEPARTMENT STORE,TRUE,
9612532,HX262353,2014-05-14,THEFT,$500 AND UNDER,STREET,FALSE,76
6231712,HP317516,2008-05-05,THEFT,$500 AND UNDER,STREET,FALSE,64
10585295,HZ335434,2016-07-03,THEFT,$500 AND UNDER,STREET,FALSE,16
7865597,HS678732,2010-12-27,THEFT,$500 AND UNDER,STREET,FALSE,68
4029579,HL382289,2005-05-27,THEFT,OVER $500,STREET,FALSE,8
4778195,HM392612,2006-06-03,THEFT,$500 AND UNDER,STREET,FALSE,77
2522757,HH869886,2002-12-31,THEFT,$500 AND UNDER,GROCERY FOOD STORE,TRUE,25
7054414,HR460350,2009-08-01,THEFT,$500 AND UNDER,STREET,FALSE,67
4533063,HM117889,2006-01-11,THEFT,OVER $500,OTHER,FALSE,50
7166946,HR576816,2009-10-07,THEFT,OVER $500,PARKING LOT/GARAGE(NON.RESID.),FALSE,14
10619033,HZ372381,2016-07-25,THEFT,$500 AND UNDER,VEHICLE NON-COMMERCIAL,FALSE,28
10787573,HZ556726,2016-12-19,THEFT,$500 AND UNDER,STREET,FALSE,73
5613705,HN421595,2007-06-13,THEFT,FROM BUILDING,OTHER,FALSE,56
3398799,HK454598,2004-06-25,THEFT,$500 AND UNDER,VEHICLE NON-COMMERCIAL,FALSE,25
2355174,HH657809,2002-09-18,THEFT,$500 AND UNDER,STREET,FALSE,51
7646435,HS451246,2010-08-07,BATTERY,SIMPLE,SIDEWALK,TRUE,5
2088541,HH316735,2002-04-19,BATTERY,SIMPLE,GROCERY FOOD STORE,FALSE,
1778867,G597730,2001-10-05,BATTERY,SIMPLE,STREET,FALSE,
1887291,G736811,2001-12-09,BATTERY,SIMPLE,RESIDENCE,FALSE,
8418606,HT651635,2011-12-29,BATTERY,DOMESTIC BATTERY SIMPLE,PARKING LOT/GARAGE(NON.RESID.),FALSE,25
10679671,HZ432273,2016-09-13,BATTERY,SIMPLE,DRUG STORE,FALSE,21
1719296,G517474,2001-08-29,BATTERY,SIMPLE,RESIDENCE,FALSE,
6673746,HP746347,2008-12-22,BATTERY,DOMESTIC BATTERY SIMPLE,VEHICLE NON-COMMERCIAL,FALSE,2
1353618,G056330,2001-01-27,BATTERY,SIMPLE,RESIDENCE PORCH/HALLWAY,TRUE,
5979106,HN772519,2007-12-22,BATTERY,DOMESTIC BATTERY SIMPLE,SIDEWALK,FALSE,71
10562980,HZ309936,2016-06-16,BATTERY,DOMESTIC BATTERY SIMPLE,APARTMENT,FALSE,39
10179921,HY368284,2015-08-04,BATTERY,DOMESTIC BATTERY SIMPLE,APARTMENT,TRUE,30
4006321,HL353697,2005-05-04,BATTERY,SIMPLE,"SCHOOL, PUBLIC, GROUNDS",FALSE,43
8142216,HT375934,2011-07-01,BATTERY,DOMESTIC BATTERY SIMPLE,SIDEWALK,FALSE,68
10879266,JA188596,2017-03-15,BATTERY,AGG PO HANDS NO/MIN INJURY,APARTMENT,TRUE,61
4430638,HL725506,2005-11-09,BATTERY,PRO EMP HANDS NO/MIN INJURY,"SCHOOL, PUBLIC, BUILDING",TRUE,4
8718715,HV395700,2012-07-22,BATTERY,SIMPLE,SIDEWALK,FALSE,29
2391105,HH696901,2002-10-06,BATTERY,SIMPLE,SIDEWALK,FALSE,43
8155450,HT390647,2011-07-10,BATTERY,SIMPLE,SIDEWALK,FALSE,27
3710918,HK815196,2004-12-18,BATTERY,AGGRAVATED:KNIFE/CUTTING INSTR,APARTMENT,FALSE,24
11133668,JA490957,2017-10-29,BATTERY,DOMESTIC BATTERY SIMPLE,RESIDENTIAL YARD (FRONT/BACK),FALSE,49
3116759,HK103473,2004-01-02,BATTERY,SIMPLE,SIDEWALK,FALSE,21
4946261,HM556695,2006-08-23,BATTERY,AGGRAVATED: OTHER DANG WEAPON,SIDEWALK,FALSE,23
2281487,HH558381,2002-08-04,BATTERY,DOMESTIC BATTERY SIMPLE,SIDEWALK,FALSE,25
3434215,HK498590,2004-07-15,BATTERY,DOMESTIC BATTERY SIMPLE,APARTMENT,TRUE,8
9806771,HX455839,2014-10-05,BATTERY,DOMESTIC BATTERY SIMPLE,RESIDENCE,FALSE,50
7287599,HR703960,2009-12-24,BATTERY,AGGRAVATED:KNIFE/CUTTING INSTR,RESIDENCE,FALSE,25
4349267,HL646682,2005-10-01,BATTERY,SIMPLE,CHURCH/SYNAGOGUE/PLACE OF WORSHIP,FALSE,73
8771351,HV445580,2012-08-24,BATTERY,SIMPLE,RESTAURANT,TRUE,6
1850651,G688026,2001-11-15,BATTERY,AGGRAVATED: OTHER DANG WEAPON,SIDEWALK,FALSE,
2811745,HJ466766,2003-07-01,BATTERY,SIMPLE,SIDEWALK,FALSE,68
4328714,HL632721,2005-09-23,BATTERY,DOMESTIC BATTERY SIMPLE,APARTMENT,FALSE,31
6514506,HP579910,2008-09-18,BATTERY,DOMESTIC BATTERY SIMPLE,STREET,FALSE,42
4424181,HL718742,2005-11-06,BATTERY,DOMESTIC BATTERY SIMPLE,RESIDENCE PORCH/HALLWAY,FALSE,23
6644648,HP714065,2008-12-03,BATTERY,DOMESTIC BATTERY SIMPLE,RESIDENCE,FALSE,25
6644618,HP716225,2008-12-04,BATTERY,SIMPLE,"SCHOOL, PUBLIC, BUILDING",FALSE,35
9337353,HW481295,2013-10-05,BATTERY,DOMESTIC BATTERY SIMPLE,APARTMENT,TRUE,29
7759940,HS568476,2010-10-17,BATTERY,AGGRAVATED: OTHER DANG WEAPON,STREET,FALSE,30
11277173,JB213238,2018-04-06,BATTERY,DOMESTIC BATTERY SIMPLE,RESIDENCE,FALSE,19
7670858,HS475732,2010-08-22,BATTERY,DOMESTIC BATTERY SIMPLE,RESIDENCE,FALSE,19
7787295,HS595785,2010-11-01,BATTERY,SIMPLE,SIDEWALK,FALSE,46
7002482,HR408597,2009-07-03,BATTERY,DOMESTIC BATTERY SIMPLE,RESIDENCE,FALSE,27
8315579,HT542713,2011-10-14,BATTERY,DOMESTIC BATTERY SIMPLE,RESTAURANT,FALSE,6
3867425,HL240985,2005-03-18,BATTERY,SIMPLE,STREET,TRUE,7
2645724,HJ254782,2003-03-23,BATTERY,AGGRAVATED: OTHER DANG WEAPON,STREET,FALSE,19
3500168,HK561262,2004-08-16,BATTERY,DOMESTIC BATTERY SIMPLE,RESIDENCE,FALSE,29
9068374,HW213573,2013-03-31,BATTERY,DOMESTIC BATTERY SIMPLE,PARKING LOT/GARAGE(NON.RESID.),TRUE,43
1639049,G419948,2001-07-17,BATTERY,SIMPLE,STREET,FALSE,
3812293,HL177008,2005-02-11,BATTERY,SIMPLE,SIDEWALK,FALSE,68
2961173,HJ639869,2003-09-19,BATTERY,SIMPLE,DEPARTMENT STORE,FALSE,37
4620332,HM217017,2006-03-06,BATTERY,SIMPLE,SIDEWALK,FALSE,68
4044375,HL388623,2005-05-30,BATTERY,SIMPLE,SIDEWALK,FALSE,26
9999493,HY189363,2015-03-18,BATTERY,SIMPLE,DEPARTMENT STORE,TRUE,32
7692081,HS498285,2010-09-04,BATTERY,DOMESTIC BATTERY SIMPLE,APARTMENT,FALSE,6
5378309,HN224900,2007-03-13,BATTERY,AGGRAVATED: HANDGUN,STREET,FALSE,30
6982403,HR387668,2009-06-21,BATTERY,SIMPLE,SIDEWALK,TRUE,67
2679112,HJ294892,2003-04-11,BATTERY,SIMPLE,RESIDENCE,FALSE,25
4448011,HL745027,2005-11-19,BATTERY,SIMPLE,STREET,TRUE,69
1729799,G533278,2001-09-06,BATTERY,AGGRAVATED: HANDGUN,OTHER,FALSE,
2495142,HH827769,2002-12-09,BATTERY,SIMPLE,OTHER COMMERCIAL TRANSPORTATION,FALSE,25
2341955,HH639427,2002-09-10,BATTERY,SIMPLE,"SCHOOL, PUBLIC, BUILDING",FALSE,25
3672175,HK771992,2004-11-25,BATTERY,SIMPLE,APARTMENT,FALSE,29
2584554,HH867007,2002-12-30,BATTERY,AGGRAVATED DOMESTIC BATTERY,RESIDENCE,TRUE,16
2903068,HJ575773,2003-08-20,BATTERY,SIMPLE,RESIDENCE PORCH/HALLWAY,TRUE,28
6720028,HR136920,2009-01-24,BATTERY,SIMPLE,CHA APARTMENT,FALSE,28
8223830,HT457930,2011-08-20,BATTERY,SIMPLE,SMALL RETAIL STORE,FALSE,23
1363954,G070193,2001-02-03,BATTERY,SIMPLE,RESIDENCE,FALSE,
3020236,HJ724585,2003-10-29,BATTERY,DOMESTIC BATTERY SIMPLE,APARTMENT,FALSE,29
6016285,HP121474,2008-01-13,BATTERY,SIMPLE,STREET,FALSE,7
1465880,G198370,2001-04-07,BATTERY,AGGRAVATED: OTHER DANG WEAPON,RESIDENCE,FALSE,
3017838,HJ723825,2003-10-28,BATTERY,DOMESTIC BATTERY SIMPLE,APARTMENT,FALSE,39
2804858,HJ458342,2003-06-28,BATTERY,DOMESTIC BATTERY SIMPLE,APARTMENT,FALSE,8
6481371,HP558812,2008-09-07,BATTERY,DOMESTIC BATTERY SIMPLE,RESIDENCE,FALSE,62
10003235,HY192694,2015-03-21,BATTERY,DOMESTIC BATTERY SIMPLE,APARTMENT,FALSE,66
5663639,HN472326,2007-07-17,BATTERY,DOMESTIC BATTERY SIMPLE,RESIDENCE,FALSE,23
3663835,HK756778,2004-11-17,BATTERY,DOMESTIC BATTERY SIMPLE,SIDEWALK,FALSE,61
2423472,HH741961,2002-10-27,BATTERY,DOMESTIC BATTERY SIMPLE,STREET,FALSE,25
11110571,JA460432,2017-10-05,BATTERY,SIMPLE,"SCHOOL, PUBLIC, GROUNDS",FALSE,70
1419496,G140454,2001-03-11,BATTERY,SIMPLE,APARTMENT,FALSE,
9589300,HX239866,2014-04-28,BATTERY,AGGRAVATED: OTHER DANG WEAPON,SIDEWALK,FALSE,27
4766490,HM378171,2006-05-28,BATTERY,SIMPLE,STREET,TRUE,37
9035595,HW182288,2013-03-06,BATTERY,DOMESTIC BATTERY SIMPLE,RESIDENCE,FALSE,38
10549382,HZ295843,2016-06-06,BATTERY,DOMESTIC BATTERY SIMPLE,STREET,FALSE,29
5080475,HM673431,2006-10-21,BATTERY,AGGRAVATED:KNIFE/CUTTING INSTR,RESIDENCE,FALSE,49
6270946,HP352546,2008-05-23,BATTERY,SIMPLE,SIDEWALK,FALSE,61
6939024,HR286405,2009-04-25,BATTERY,DOMESTIC BATTERY SIMPLE,APARTMENT,FALSE,25
6780581,HR195987,2009-03-02,BATTERY,AGGRAVATED DOMESTIC BATTERY: OTHER DANG WEAPON,SIDEWALK,TRUE,69
9116765,HW261668,2013-05-05,BATTERY,DOMESTIC BATTERY SIMPLE,RESIDENCE,FALSE,26
11137994,JA496716,2017-11-02,BATTERY,DOMESTIC BATTERY SIMPLE,RESIDENCE,TRUE,24
11014534,JA344492,2017-07-12,BATTERY,DOMESTIC BATTERY SIMPLE,APARTMENT,TRUE,54
10584429,HZ334220,2016-07-03,BATTERY,SIMPLE,STREET,TRUE,2
6806337,HR217367,2009-03-15,BATTERY,DOMESTIC BATTERY SIMPLE,SIDEWALK,FALSE,25
8594911,HV268964,2012-05-02,CRIMINAL DAMAGE,TO VEHICLE,STREET,FALSE,60
11127628,JA483294,2017-10-23,CRIMINAL DAMAGE,TO CITY OF CHICAGO PROPERTY,STREET,FALSE,67
7937542,HT169840,2011-02-18,CRIMINAL DAMAGE,TO PROPERTY,RESIDENCE-GARAGE,FALSE,58
8388644,HT621306,2011-12-06,CRIMINAL DAMAGE,TO VEHICLE,STREET,FALSE,10
7468176,HS269736,2010-04-22,CRIMINAL DAMAGE,TO VEHICLE,STREET,FALSE,41
3225932,HK243330,2004-03-16,CRIMINAL DAMAGE,TO PROPERTY,APARTMENT,FALSE,52
2048711,HH262924,2002-03-24,CRIMINAL DAMAGE,TO PROPERTY,SIDEWALK,FALSE,
4303010,HL613433,2005-09-15,CRIMINAL DAMAGE,TO PROPERTY,RESIDENCE,FALSE,24
10079280,HY267896,2015-05-20,CRIMINAL DAMAGE,TO VEHICLE,RESIDENTIAL YARD (FRONT/BACK),FALSE,53
5758092,HN568531,2007-09-04,CRIMINAL DAMAGE,TO PROPERTY,RESIDENCE,FALSE,61
7881407,HT112422,2011-01-09,CRIMINAL DAMAGE,TO PROPERTY,RESIDENCE,FALSE,58
8805149,HV479133,2012-09-17,CRIMINAL DAMAGE,TO PROPERTY,APARTMENT,FALSE,6
8921352,HV592346,2012-12-07,CRIMINAL DAMAGE,TO VEHICLE,STREET,FALSE,23
2325074,HH619797,2002-09-01,CRIMINAL DAMAGE,TO CITY OF CHICAGO PROPERTY,STREET,FALSE,31
10624311,HZ376709,2016-08-03,CRIMINAL DAMAGE,TO PROPERTY,APARTMENT,FALSE,44
8899397,HV573337,2012-11-23,CRIMINAL DAMAGE,TO PROPERTY,APARTMENT,FALSE,29
3906764,HL269210,2005-04-01,CRIMINAL DAMAGE,TO VEHICLE,STREET,FALSE,22
4249096,HL567458,2005-08-11,CRIMINAL DAMAGE,TO PROPERTY,RESIDENCE,TRUE,66
7260480,HR674429,2009-12-04,CRIMINAL DAMAGE,TO PROPERTY,RESIDENCE,FALSE,63
4606754,HM200888,2006-02-25,CRIMINAL DAMAGE,TO PROPERTY,RESIDENCE,FALSE,10
9817983,HX467661,2014-10-14,CRIMINAL DAMAGE,TO VEHICLE,STREET,TRUE,29
9801245,HX448587,2014-09-28,CRIMINAL DAMAGE,TO VEHICLE,STREET,FALSE,50
7399281,HS200939,2010-03-10,CRIMINAL DAMAGE,TO VEHICLE,"SCHOOL, PUBLIC, GROUNDS",FALSE,25
5567780,HN335611,2007-05-11,CRIMINAL DAMAGE,CRIMINAL DEFACEMENT,RESTAURANT,FALSE,15
10770065,HZ535494,2016-11-30,CRIMINAL DAMAGE,TO VEHICLE,STREET,FALSE,58
9499538,HX154767,2014-02-17,CRIMINAL DAMAGE,CRIMINAL DEFACEMENT,RESIDENCE-GARAGE,FALSE,4
4728934,HM337445,2006-05-07,CRIMINAL DAMAGE,TO VEHICLE,STREET,FALSE,19
4646705,HM244120,2006-03-21,CRIMINAL DAMAGE,TO VEHICLE,STREET,FALSE,1
6937224,HR342598,2009-05-26,CRIMINAL DAMAGE,TO VEHICLE,STREET,FALSE,31
3823238,HL187666,2005-02-17,CRIMINAL DAMAGE,TO PROPERTY,BAR OR TAVERN,TRUE,24
9305467,HW449676,2013-09-13,CRIMINAL DAMAGE,TO PROPERTY,APARTMENT,FALSE,26
7781193,HS589302,2010-10-29,CRIMINAL DAMAGE,TO PROPERTY,RESIDENCE,FALSE,51
9491052,HX145326,2014-02-09,CRIMINAL DAMAGE,TO PROPERTY,RESIDENCE,FALSE,30
5744223,HN553354,2007-08-27,CRIMINAL DAMAGE,TO PROPERTY,RESIDENCE,FALSE,68
6007606,HN784049,2007-12-29,CRIMINAL DAMAGE,TO PROPERTY,RESIDENCE,FALSE,70
2862972,HJ527694,2003-07-29,CRIMINAL DAMAGE,TO PROPERTY,RESIDENCE,FALSE,16
4700014,HM303461,2006-04-20,CRIMINAL DAMAGE,TO VEHICLE,VEHICLE NON-COMMERCIAL,FALSE,16
4920006,HM535632,2006-08-10,CRIMINAL DAMAGE,CRIMINAL DEFACEMENT,RESIDENCE-GARAGE,FALSE,11
8119054,HT353855,2011-06-18,CRIMINAL DAMAGE,TO VEHICLE,STREET,FALSE,67
1414626,G134016,2001-03-01,CRIMINAL DAMAGE,TO PROPERTY,RESIDENCE,FALSE,
6713046,HR125162,2009-01-17,CRIMINAL DAMAGE,TO VEHICLE,STREET,FALSE,62
1720702,G496261,2001-08-20,CRIMINAL DAMAGE,TO PROPERTY,WAREHOUSE,TRUE,
3108542,HJ842548,2003-12-28,CRIMINAL DAMAGE,TO VEHICLE,STREET,FALSE,24
5450649,HN280980,2007-04-12,CRIMINAL DAMAGE,CRIMINAL DEFACEMENT,RESIDENCE,FALSE,5
11185730,JA560123,2017-12-22,CRIMINAL DAMAGE,TO PROPERTY,RESIDENCE,TRUE,18
10218934,HY405637,2015-09-01,CRIMINAL DAMAGE,TO PROPERTY,APARTMENT,FALSE,63
6620347,HP689703,2008-11-18,CRIMINAL DAMAGE,TO PROPERTY,RESIDENCE,FALSE,44
6940315,HR345366,2009-05-28,CRIMINAL DAMAGE,TO VEHICLE,RESTAURANT,FALSE,24
10501619,HZ242802,2016-04-27,CRIMINAL DAMAGE,TO PROPERTY,RESIDENCE-GARAGE,FALSE,70
5053244,HM661326,2006-10-15,CRIMINAL DAMAGE,TO VEHICLE,STREET,FALSE,17
2709601,HJ336995,2003-05-01,CRIMINAL DAMAGE,TO PROPERTY,RESIDENCE,FALSE,47
3607386,HK694552,2004-10-18,CRIMINAL DAMAGE,TO VEHICLE,STREET,FALSE,43
3047178,HJ760939,2003-11-15,CRIMINAL DAMAGE,TO VEHICLE,PARKING LOT/GARAGE(NON.RESID.),FALSE,8
8690635,HV366181,2012-07-04,CRIMINAL DAMAGE,TO VEHICLE,STREET,FALSE,48
2891261,HJ563089,2003-08-15,CRIMINAL DAMAGE,TO PROPERTY,APARTMENT,TRUE,49
2290580,HH576932,2002-08-10,CRIMINAL DAMAGE,TO VEHICLE,STREET,FALSE,71
6903733,HR308948,2009-05-07,CRIMINAL DAMAGE,TO PROPERTY,SIDEWALK,FALSE,25
3114653,HK100758,2003-12-31,CRIMINAL DAMAGE,TO VEHICLE,STREET,FALSE,22
8652732,HV328581,2012-06-10,NARCOTICS,POSS: CANNABIS 30GMS OR LESS,OTHER COMMERCIAL TRANSPORTATION,TRUE,55
8592856,HV267193,2012-05-02,NARCOTICS,POSS: CANNABIS 30GMS OR LESS,PARKING LOT/GARAGE(NON.RESID.),TRUE,44
2973642,HJ620738,2003-09-10,NARCOTICS,POSS: CANNABIS 30GMS OR LESS,SIDEWALK,TRUE,3
2910492,HJ557529,2003-08-12,NARCOTICS,POSS: HEROIN(WHITE),SIDEWALK,TRUE,25
7692354,HS498920,2010-09-04,NARCOTICS,POSS: CANNABIS 30GMS OR LESS,STREET,TRUE,43
4389244,HL608698,2005-09-13,NARCOTICS,POSS: HEROIN(WHITE),SIDEWALK,TRUE,27
1577428,G323273,2001-06-04,NARCOTICS,POSS: HEROIN(WHITE),SIDEWALK,TRUE,
3530721,HK577020,2004-08-23,NARCOTICS,POSS: HEROIN(WHITE),"SCHOOL, PUBLIC, GROUNDS",TRUE,1
10177662,HY365876,2015-08-02,NARCOTICS,POSS: CANNABIS 30GMS OR LESS,STREET,TRUE,70
7502426,HS305355,2010-05-13,NARCOTICS,MANU/DEL:CANNABIS 10GM OR LESS,"SCHOOL, PUBLIC, BUILDING",TRUE,58
3225630,HK162357,2004-02-03,NARCOTICS,MANU/DELIVER: HEROIN (WHITE),ALLEY,TRUE,25
5989011,HN778969,2007-12-26,NARCOTICS,POSS: CRACK,AIRPORT/AIRCRAFT,TRUE,76
8508682,HV185969,2012-03-06,NARCOTICS,POSS: CANNABIS 30GMS OR LESS,SIDEWALK,TRUE,28
2364511,HH657604,2002-09-19,NARCOTICS,POSS: CRACK,SIDEWALK,TRUE,26
9416016,HW555338,2013-12-02,NARCOTICS,FOUND SUSPECT NARCOTICS,POLICE FACILITY/VEH PARKING LOT,TRUE,29
8594622,HV268708,2012-05-02,NARCOTICS,MANU/DELIVER: METHAMPHETAMINES,APARTMENT,TRUE,3
1448800,G170513,2001-03-25,NARCOTICS,POSS: CANNABIS 30GMS OR LESS,SIDEWALK,TRUE,
9012649,HW160463,2013-02-17,NARCOTICS,POSS: CANNABIS 30GMS OR LESS,SIDEWALK,TRUE,69
5547866,HN355411,2007-05-21,NARCOTICS,POSS: CRACK,SIDEWALK,TRUE,25
3248961,HK190723,2004-02-18,NARCOTICS,POSS: HEROIN(WHITE),STREET,TRUE,68
8784049,HV457847,2012-09-02,NARCOTICS,POSS: CANNABIS 30GMS OR LESS,SIDEWALK,TRUE,29
9434484,HW566855,2013-12-11,NARCOTICS,MANU/DELIVER: HEROIN (WHITE),SIDEWALK,FALSE,28
3830058,HL141298,2005-01-24,NARCOTICS,POSS: CANNABIS 30GMS OR LESS,OTHER,TRUE,3
6884465,HR281750,2009-04-22,NARCOTICS,POSS: CRACK,VEHICLE NON-COMMERCIAL,TRUE,46
4074763,HL342355,2005-05-08,NARCOTICS,POSS: COCAINE,STREET,TRUE,58
9458866,HX112183,2014-01-12,NARCOTICS,POSS: CRACK,ALLEY,TRUE,63
2973220,HJ624999,2003-09-12,NARCOTICS,MANU/DELIVER: HEROIN (WHITE),SIDEWALK,TRUE,38
3085845,HJ618818,2003-09-13,NARCOTICS,ATTEMPT POSSESSION NARCOTICS,STREET,TRUE,27
7185163,HR597126,2009-10-19,NARCOTICS,POSS: CANNABIS 30GMS OR LESS,RESIDENTIAL YARD (FRONT/BACK),TRUE,66
5753121,HN558484,2007-08-29,NARCOTICS,POSS: COCAINE,STREET,TRUE,71
7097303,HR505781,2009-08-27,NARCOTICS,SOLICIT NARCOTICS ON PUBLICWAY,ALLEY,TRUE,23
5715871,HN522324,2007-08-11,NARCOTICS,POSS: CANNABIS 30GMS OR LESS,SIDEWALK,TRUE,61
5844831,HN647052,2007-10-14,NARCOTICS,POSS: CANNABIS 30GMS OR LESS,GAS STATION,TRUE,42
8089415,HT323138,2011-05-31,NARCOTICS,POSS: HEROIN(WHITE),STREET,TRUE,42
9419053,HW562748,2013-12-07,NARCOTICS,POSS: CANNABIS 30GMS OR LESS,PARKING LOT/GARAGE(NON.RESID.),TRUE,25
5925338,HN719188,2007-11-20,NARCOTICS,POSS: CANNABIS 30GMS OR LESS,STREET,TRUE,61
8006283,HT237921,2011-04-06,NARCOTICS,POSS: CANNABIS 30GMS OR LESS,STREET,TRUE,31
10025545,HY215032,2015-04-08,NARCOTICS,MANU/DELIVER: HEROIN (WHITE),SIDEWALK,TRUE,26
3349359,HK369511,2004-05-17,NARCOTICS,ATTEMPT POSSESSION NARCOTICS,STREET,TRUE,28
4483436,HL703172,2005-10-29,NARCOTICS,SOLICIT NARCOTICS ON PUBLICWAY,SIDEWALK,TRUE,23
5372669,HM762800,2006-12-08,NARCOTICS,SOLICIT NARCOTICS ON PUBLICWAY,SIDEWALK,TRUE,53
5561014,HN370211,2007-05-28,NARCOTICS,POSS: CANNABIS 30GMS OR LESS,STREET,TRUE,3
6780235,HR195962,2009-03-02,NARCOTICS,POSS: CANNABIS 30GMS OR LESS,SIDEWALK,TRUE,29
4746425,HM284854,2006-04-11,NARCOTICS,POSS: HEROIN(WHITE),SIDEWALK,TRUE,23
4031070,HL319228,2005-04-26,NARCOTICS,MANU/DELIVER:CRACK,STREET,TRUE,23
7041136,HR447925,2009-07-25,NARCOTICS,POSS: CANNABIS 30GMS OR LESS,APARTMENT,TRUE,23
5226574,HM590293,2006-09-09,NARCOTICS,POSS: CANNABIS 30GMS OR LESS,STREET,TRUE,23
6441121,HP513177,2008-08-14,NARCOTICS,POSS: CANNABIS 30GMS OR LESS,STREET,TRUE,15
4044725,HL331611,2005-05-02,NARCOTICS,MANU/DELIVER: HEROIN (WHITE),SIDEWALK,TRUE,25
5638846,HN448271,2007-07-05,NARCOTICS,POSS: CANNABIS 30GMS OR LESS,SIDEWALK,TRUE,25
2159382,HH402660,2002-05-28,NARCOTICS,POSS: CANNABIS 30GMS OR LESS,STREET,TRUE,25
5625404,HN422493,2007-06-22,NARCOTICS,POSS: CANNABIS 30GMS OR LESS,PARKING LOT/GARAGE(NON.RESID.),TRUE,69
6186267,HP263901,2008-04-05,NARCOTICS,POSS: CANNABIS 30GMS OR LESS,STREET,TRUE,58
2403623,G577663,2001-09-26,NARCOTICS,POSS: CRACK,STREET,TRUE,66
8300838,HT535175,2011-10-08,OTHER OFFENSE,TELEPHONE THREAT,APARTMENT,FALSE,14
10811959,JA110097,2017-01-10,OTHER OFFENSE,TELEPHONE THREAT,RESIDENCE,FALSE,22
4750131,HM360756,2006-05-19,OTHER OFFENSE,TELEPHONE THREAT,RESIDENCE,FALSE,1
5448716,HN275969,2007-04-10,OTHER OFFENSE,OBSCENE TELEPHONE CALLS,DRUG STORE,FALSE,23
10779118,HZ544441,2016-12-08,OTHER OFFENSE,TELEPHONE THREAT,APARTMENT,FALSE,61
4374455,HL660560,2005-10-08,OTHER OFFENSE,VIOLATE ORDER OF PROTECTION,RESIDENCE,TRUE,62
7363357,HS164946,2010-02-13,OTHER OFFENSE,HARASSMENT BY TELEPHONE,RESIDENCE,FALSE,6
6993831,HR399710,2009-06-23,OTHER OFFENSE,HARASSMENT BY TELEPHONE,RESIDENCE,FALSE,31
6155786,HP243837,2008-03-25,OTHER OFFENSE,PROBATION VIOLATION,APARTMENT,FALSE,8
6054992,HP157774,2008-02-03,OTHER OFFENSE,TELEPHONE THREAT,APARTMENT,FALSE,19
6252456,HP340132,2008-05-16,OTHER OFFENSE,HARASSMENT BY ELECTRONIC MEANS,APARTMENT,FALSE,39
2748713,HJ388435,2003-05-24,OTHER OFFENSE,HARASSMENT BY TELEPHONE,APARTMENT,FALSE,42
10931066,JA246453,2017-04-30,OTHER OFFENSE,HARASSMENT BY ELECTRONIC MEANS,APARTMENT,FALSE,23
5601454,HN407116,2007-06-15,OTHER OFFENSE,TELEPHONE THREAT,OTHER,FALSE,15
10808622,JA107722,2017-01-07,OTHER OFFENSE,TELEPHONE THREAT,RESIDENCE,FALSE,18
2866020,HJ532105,2003-07-31,OTHER OFFENSE,HARASSMENT BY TELEPHONE,APARTMENT,FALSE,21
2412250,HH729144,2002-10-21,OTHER OFFENSE,HARASSMENT BY TELEPHONE,APARTMENT,FALSE,2
10015483,HY204891,2015-03-31,OTHER OFFENSE,PAROLE VIOLATION,SIDEWALK,TRUE,23
10488465,HZ228967,2016-04-16,OTHER OFFENSE,TELEPHONE THREAT,APARTMENT,FALSE,25
10197369,HY385205,2015-08-16,OTHER OFFENSE,TELEPHONE THREAT,APARTMENT,FALSE,67
3305754,HK328402,2004-04-27,OTHER OFFENSE,FALSE/STOLEN/ALTERED TRP,VEHICLE NON-COMMERCIAL,TRUE,51
11018984,JA349450,2017-07-15,OTHER OFFENSE,FALSE/STOLEN/ALTERED TRP,PARKING LOT/GARAGE(NON.RESID.),TRUE,46
3646946,HK743113,2004-11-10,OTHER OFFENSE,HARASSMENT BY TELEPHONE,APARTMENT,FALSE,44
6769056,HR185873,2009-02-24,OTHER OFFENSE,TELEPHONE THREAT,RESIDENCE,FALSE,69
2415583,HH692211,2002-10-04,OTHER OFFENSE,OTHER VEHICLE OFFENSE,STREET,TRUE,26
11122168,JA470839,2017-10-13,OTHER OFFENSE,OTHER CRIME AGAINST PERSON,RESIDENCE,FALSE,45
9993135,HY182950,2014-11-01,OTHER OFFENSE,HARASSMENT BY TELEPHONE,APARTMENT,FALSE,24
7255767,HR668156,2009-11-30,OTHER OFFENSE,VIOLATE ORDER OF PROTECTION,RESIDENCE,TRUE,68
10493762,HZ234518,2016-04-21,OTHER OFFENSE,SEX OFFENDER: FAIL REG NEW ADD,APARTMENT,FALSE,58
9426342,HW569852,2013-12-11,OTHER OFFENSE,OTHER VEHICLE OFFENSE,RESIDENCE,TRUE,25
7511512,HS314108,2010-05-18,OTHER OFFENSE,HARASSMENT BY TELEPHONE,APARTMENT,FALSE,2
2200712,HH463517,2002-06-24,OTHER OFFENSE,HARASSMENT BY TELEPHONE,COMMERCIAL / BUSINESS OFFICE,FALSE,8
5322667,HN182437,2007-02-17,ASSAULT,SIMPLE,SIDEWALK,FALSE,44
9348957,HW493063,2013-10-14,ASSAULT,AGGRAVATED: OTHER DANG WEAPON,ALLEY,FALSE,25
2948095,HJ637197,2003-08-30,ASSAULT,SIMPLE,SIDEWALK,FALSE,23
2492280,HH829588,2002-12-10,ASSAULT,AGGRAVATED: HANDGUN,STREET,FALSE,25
10574810,HZ322965,2016-06-22,ASSAULT,AGGRAVATED: OTHER DANG WEAPON,PARKING LOT/GARAGE(NON.RESID.),FALSE,33
9271865,HW415978,2013-08-20,ASSAULT,AGGRAVATED: HANDGUN,SIDEWALK,FALSE,25
3943561,HL315870,2005-04-24,ASSAULT,AGGRAVATED: OTHER DANG WEAPON,SIDEWALK,TRUE,31
2620109,HJ222529,2003-03-06,ASSAULT,AGGRAVATED PO: OTHER DANG WEAP,OTHER,TRUE,51
4921404,HM535930,2006-08-12,ASSAULT,SIMPLE,STREET,FALSE,49
10502099,HZ242203,2016-04-27,ASSAULT,AGGRAVATED:KNIFE/CUTTING INSTR,APARTMENT,FALSE,27
5360488,HN213069,2007-03-07,ASSAULT,SIMPLE,RESIDENCE,TRUE,68
2109180,HH343366,2002-04-26,ASSAULT,SIMPLE,RESIDENCE PORCH/HALLWAY,FALSE,6
10950230,JA269772,2017-05-18,ASSAULT,AGGRAVATED: HANDGUN,STREET,TRUE,26
2065876,HH106347,2002-01-04,ASSAULT,SIMPLE,STREET,TRUE,
4892475,HM507529,2006-07-28,ASSAULT,SIMPLE,RESIDENCE,FALSE,68
6170783,HP258815,2008-04-03,ASSAULT,SIMPLE,COMMERCIAL / BUSINESS OFFICE,FALSE,72
3741570,HL111533,2005-01-07,ASSAULT,SIMPLE,HOSPITAL BUILDING/GROUNDS,FALSE,38
8533129,HS479338,2010-08-24,ASSAULT,SIMPLE,CHA APARTMENT,FALSE,45
10653179,HZ403432,2016-08-23,ASSAULT,AGGRAVATED: HANDGUN,APARTMENT,TRUE,42
8789058,HV462975,2012-09-05,ASSAULT,SIMPLE,STREET,FALSE,63
9269662,HW414519,2013-08-19,ASSAULT,SIMPLE,SIDEWALK,FALSE,38
4681320,HL414306,2005-06-11,ASSAULT,AGGRAVATED: HANDGUN,APARTMENT,FALSE,71
8082600,HT315369,2011-05-26,ASSAULT,PRO EMP HANDS NO/MIN INJURY,"SCHOOL, PUBLIC, GROUNDS",FALSE,27
3970108,HL330223,2005-05-02,ASSAULT,SIMPLE,OTHER,TRUE,8
3661130,HK751265,2004-11-15,ASSAULT,AGGRAVATED: OTHER DANG WEAPON,STREET,FALSE,71
8306557,HT540548,2011-10-13,ASSAULT,SIMPLE,RESIDENCE,FALSE,68
9748574,HX398190,2014-08-22,ASSAULT,SIMPLE,SIDEWALK,FALSE,49
3313069,HK348713,2004-05-07,ASSAULT,SIMPLE,OTHER,FALSE,43
6793833,HR206683,2009-03-09,ASSAULT,SIMPLE,RESIDENCE PORCH/HALLWAY,FALSE,25
1962624,HH154448,2002-01-28,ASSAULT,SIMPLE,RESIDENCE,TRUE,
11111810,JA462321,2017-10-07,ASSAULT,AGGRAVATED:KNIFE/CUTTING INSTR,APARTMENT,TRUE,68
8557804,HV233824,2012-04-08,ASSAULT,SIMPLE,OTHER,FALSE,28
6900303,HR307075,2009-05-05,BURGLARY,UNLAWFUL ENTRY,APARTMENT,FALSE,25
10399689,HZ134318,2016-01-25,BURGLARY,FORCIBLE ENTRY,RESIDENCE,FALSE,49
4826872,HM437597,2006-06-24,BURGLARY,FORCIBLE ENTRY,FACTORY/MANUFACTURING BUILDING,FALSE,46
9088959,HW233866,2013-03-19,BURGLARY,FORCIBLE ENTRY,APARTMENT,FALSE,29
1825533,G659211,2001-11-01,BURGLARY,UNLAWFUL ENTRY,RESIDENCE PORCH/HALLWAY,FALSE,
9129599,HW274134,2013-05-11,BURGLARY,FORCIBLE ENTRY,RESIDENCE,FALSE,19
9383468,HW526270,2013-11-07,BURGLARY,FORCIBLE ENTRY,RESIDENCE,FALSE,24
1603886,G375927,2001-06-28,BURGLARY,UNLAWFUL ENTRY,RESIDENCE-GARAGE,FALSE,
6239811,HP325677,2008-05-08,BURGLARY,FORCIBLE ENTRY,RESTAURANT,FALSE,25
3929767,HL300450,2005-04-16,BURGLARY,FORCIBLE ENTRY,CONSTRUCTION SITE,FALSE,53
5401018,HN246122,2007-03-24,BURGLARY,UNLAWFUL ENTRY,CHURCH/SYNAGOGUE/PLACE OF WORSHIP,FALSE,61
1959865,HH149573,2002-01-26,BURGLARY,FORCIBLE ENTRY,SMALL RETAIL STORE,FALSE,
3395645,HK450946,2004-06-23,BURGLARY,FORCIBLE ENTRY,RESIDENCE,TRUE,7
8200440,HT434553,2011-08-05,BURGLARY,FORCIBLE ENTRY,RESIDENCE-GARAGE,FALSE,65
4223368,HL548996,2005-08-12,BURGLARY,UNLAWFUL ENTRY,APARTMENT,FALSE,69
7281380,HR696852,2009-12-18,BURGLARY,FORCIBLE ENTRY,RESIDENCE-GARAGE,FALSE,52
3420516,HK481967,2004-07-07,BURGLARY,FORCIBLE ENTRY,COMMERCIAL / BUSINESS OFFICE,FALSE,20
7991098,HT202584,2011-03-14,BURGLARY,UNLAWFUL ENTRY,APARTMENT,FALSE,69
2766777,HJ409442,2003-06-05,BURGLARY,FORCIBLE ENTRY,CHURCH/SYNAGOGUE/PLACE OF WORSHIP,FALSE,30
8020403,HT251336,2011-04-15,BURGLARY,FORCIBLE ENTRY,RESIDENCE,FALSE,72
8901424,HV575905,2012-11-21,BURGLARY,UNLAWFUL ENTRY,RESIDENCE-GARAGE,FALSE,17
7083209,HR489129,2009-08-17,BURGLARY,UNLAWFUL ENTRY,RESIDENCE,FALSE,17
8193625,HT427568,2011-08-01,BURGLARY,FORCIBLE ENTRY,CLEANING STORE,FALSE,72
7136001,HR539548,2009-09-16,BURGLARY,UNLAWFUL ENTRY,RESIDENCE-GARAGE,FALSE,48
7623578,HS426544,2010-07-23,BURGLARY,FORCIBLE ENTRY,APARTMENT,FALSE,68
8321464,HT556032,2011-10-23,BURGLARY,FORCIBLE ENTRY,RESIDENCE,FALSE,43
3880644,HL254965,2005-03-25,BURGLARY,FORCIBLE ENTRY,RESIDENCE,FALSE,71
10904332,JA216127,2017-04-07,BURGLARY,FORCIBLE ENTRY,RESIDENCE,FALSE,67
9204493,HW350078,2013-07-05,BURGLARY,FORCIBLE ENTRY,RESIDENCE,FALSE,68
6901330,HR308245,2009-04-22,BURGLARY,UNLAWFUL ENTRY,APARTMENT,FALSE,25
10268156,HY455377,2015-08-31,MOTOR VEHICLE THEFT,AUTOMOBILE,STREET,FALSE,67
6672913,HP747058,2008-12-22,MOTOR VEHICLE THEFT,AUTOMOBILE,STREET,FALSE,68
5835389,HN645348,2007-10-12,MOTOR VEHICLE THEFT,AUTOMOBILE,STREET,FALSE,16
3969617,HL334216,2005-05-03,MOTOR VEHICLE THEFT,THEFT/RECOVERY: AUTOMOBILE,STREET,FALSE,46
7427845,HS230740,2010-03-19,MOTOR VEHICLE THEFT,AUTOMOBILE,STREET,FALSE,16
8921455,HV593288,2012-12-03,MOTOR VEHICLE THEFT,AUTOMOBILE,STREET,FALSE,28
3310641,HK341632,2004-04-30,MOTOR VEHICLE THEFT,AUTOMOBILE,STREET,FALSE,48
2514430,HH859922,2002-12-25,MOTOR VEHICLE THEFT,AUTOMOBILE,STREET,FALSE,41
1790731,G611731,2001-10-11,MOTOR VEHICLE THEFT,AUTOMOBILE,STREET,FALSE,
5161792,HM757133,2006-12-04,MOTOR VEHICLE THEFT,AUTOMOBILE,STREET,FALSE,31
3072896,HJ786817,2003-11-28,MOTOR VEHICLE THEFT,THEFT/RECOVERY: AUTOMOBILE,STREET,FALSE,22
8681629,HV356669,2012-06-27,MOTOR VEHICLE THEFT,AUTOMOBILE,STREET,FALSE,42
9556192,HX207970,2014-04-01,MOTOR VEHICLE THEFT,AUTOMOBILE,STREET,FALSE,26
5136468,HM733422,2006-11-21,MOTOR VEHICLE THEFT,AUTOMOBILE,STREET,FALSE,28
2116573,HH352862,2002-05-05,MOTOR VEHICLE THEFT,AUTOMOBILE,OTHER,FALSE,69
1819413,G652158,2001-10-29,MOTOR VEHICLE THEFT,AUTOMOBILE,STREET,TRUE,
9651438,HX301095,2014-06-12,MOTOR VEHICLE THEFT,ATT: AUTOMOBILE,STREET,FALSE,68
9974424,HY163644,2015-02-25,MOTOR VEHICLE THEFT,AUTOMOBILE,STREET,FALSE,66
6723496,HR140766,2009-01-26,MOTOR VEHICLE THEFT,AUTOMOBILE,STREET,FALSE,25
2316019,HH605275,2002-08-25,MOTOR VEHICLE THEFT,"TRUCK, BUS, MOTOR HOME",STREET,FALSE,63
2859254,HJ513676,2003-07-23,MOTOR VEHICLE THEFT,THEFT/RECOVERY: AUTOMOBILE,ALLEY,FALSE,71
2103277,HH337319,2002-04-28,MOTOR VEHICLE THEFT,AUTOMOBILE,STREET,FALSE,19
2169996,HH423186,2002-06-06,MOTOR VEHICLE THEFT,AUTOMOBILE,STREET,FALSE,58
5733472,HN543219,2007-08-21,MOTOR VEHICLE THEFT,AUTOMOBILE,STREET,FALSE,66
10707046,HZ463811,2016-10-06,DECEPTIVE PRACTICE,CREDIT CARD FRAUD,CTA TRAIN,FALSE,76
5904817,HN702776,2007-11-09,DECEPTIVE PRACTICE,CREDIT CARD FRAUD,RESTAURANT,FALSE,8
7195847,HR607189,2009-10-25,DECEPTIVE PRACTICE,THEFT OF LABOR/SERVICES,RESTAURANT,FALSE,2
1826250,G654957,2001-10-20,DECEPTIVE PRACTICE,FORGERY,BANK,FALSE,
3761051,HL131736,2005-01-13,DECEPTIVE PRACTICE,CREDIT CARD FRAUD,RESIDENCE,FALSE,71
5713696,HN519755,2007-08-10,DECEPTIVE PRACTICE,THEFT OF LOST/MISLAID PROP,STREET,TRUE,24
1803248,G629024,2001-06-10,DECEPTIVE PRACTICE,FRAUD OR CONFIDENCE GAME,OTHER,FALSE,
3864164,HL239939,2004-12-09,DECEPTIVE PRACTICE,"THEFT BY LESSEE,MOTOR VEH",STREET,TRUE,8
3300223,HK328522,2004-04-27,DECEPTIVE PRACTICE,THEFT OF LOST/MISLAID PROP,CTA PLATFORM,TRUE,1
2723161,HJ349966,2003-03-20,DECEPTIVE PRACTICE,CREDIT CARD FRAUD,RESIDENCE,FALSE,70
1580040,G345035,2001-06-11,DECEPTIVE PRACTICE,BOGUS CHECK,BANK,FALSE,
11057640,JA394755,2017-08-15,DECEPTIVE PRACTICE,CREDIT CARD FRAUD,RESIDENCE,FALSE,24
10327846,HY518743,2015-11-04,DECEPTIVE PRACTICE,FINANCIAL IDENTITY THEFT OVER $ 300,RESIDENCE,FALSE,71
11178752,JA550741,2017-12-14,DECEPTIVE PRACTICE,FINANCIAL IDENTITY THEFT OVER $ 300,OTHER,FALSE,16
2225484,HH493814,2002-07-07,DECEPTIVE PRACTICE,THEFT OF LABOR/SERVICES,RESTAURANT,TRUE,6
10760731,HZ523997,2014-11-21,DECEPTIVE PRACTICE,FINANCIAL IDENTITY THEFT OVER $ 300,APARTMENT,FALSE,25
1438213,G161722,2001-03-21,DECEPTIVE PRACTICE,THEFT OF LABOR/SERVICES,CTA PLATFORM,TRUE,
10268721,HY455698,2015-10-09,DECEPTIVE PRACTICE,FINANCIAL IDENTITY THEFT OVER $ 300,BANK,FALSE,20
2003966,HH208082,2002-01-29,DECEPTIVE PRACTICE,FRAUD OR CONFIDENCE GAME,AIRPORT/AIRCRAFT,TRUE,
8210615,HT404945,2011-07-14,DECEPTIVE PRACTICE,ILLEGAL USE CASH CARD,RESIDENCE,FALSE,46
3842013,HL213843,2005-03-03,ROBBERY,ARMED: HANDGUN,STREET,FALSE,38
4810471,HM422467,2006-06-18,ROBBERY,STRONGARM - NO WEAPON,STREET,TRUE,2
10882712,JA192460,2017-03-19,ROBBERY,ARMED: HANDGUN,STREET,FALSE,29
4110831,HL446401,2005-06-26,ROBBERY,VEHICULAR HIJACKING,STREET,FALSE,30
7578055,HS330202,2010-05-27,ROBBERY,STRONGARM - NO WEAPON,STREET,FALSE,53
6588112,HP661088,2008-11-02,ROBBERY,ARMED: HANDGUN,STREET,FALSE,23
2666808,HJ281736,2003-04-05,ROBBERY,ARMED: HANDGUN,STREET,FALSE,71
5260944,HN136243,2007-01-21,ROBBERY,STRONGARM - NO WEAPON,RESTAURANT,TRUE,5
2906269,HJ580490,2003-08-22,ROBBERY,ARMED: HANDGUN,PARKING LOT/GARAGE(NON.RESID.),FALSE,23
8536808,HV213648,2012-03-25,ROBBERY,ARMED: HANDGUN,RESIDENCE,FALSE,67
8841511,HV514287,2012-10-11,ROBBERY,STRONGARM - NO WEAPON,SIDEWALK,TRUE,14
3046354,HJ753917,2003-11-12,ROBBERY,ARMED: HANDGUN,GAS STATION,FALSE,15
10831592,JA133264,2017-01-28,ROBBERY,ARMED: HANDGUN,STREET,FALSE,25
2953056,HJ642080,2003-09-20,ROBBERY,ARMED:KNIFE/CUTTING INSTRUMENT,STREET,FALSE,10
11184062,JA557966,2017-12-21,ROBBERY,ARMED: HANDGUN,VEHICLE NON-COMMERCIAL,FALSE,28
8875058,HV548880,2012-11-05,ROBBERY,AGGRAVATED,GAS STATION,FALSE,69
7410895,HR480844,2009-08-13,ROBBERY,AGGRAVATED VEHICULAR HIJACKING,STREET,FALSE,53
9425197,HW568748,2013-12-12,ROBBERY,ARMED: HANDGUN,RESIDENTIAL YARD (FRONT/BACK),FALSE,44
2164207,HH405177,2002-05-29,ROBBERY,ARMED:KNIFE/CUTTING INSTRUMENT,STREET,FALSE,26
4136958,HL472862,2005-07-09,ROBBERY,ARMED: HANDGUN,ALLEY,FALSE,49
1570987,G326063,2001-06-05,CRIMINAL TRESPASS,TO STATE SUP LAND,CHA PARKING LOT/GROUNDS,TRUE,
4084479,HL424420,2005-06-16,CRIMINAL TRESPASS,TO STATE SUP LAND,CHA PARKING LOT/GROUNDS,TRUE,35
11056591,JA393243,2017-08-16,CRIMINAL TRESPASS,TO RESIDENCE,RESIDENCE,TRUE,49
7174283,HR585012,2009-10-13,CRIMINAL TRESPASS,TO LAND,"SCHOOL, PUBLIC, GROUNDS",TRUE,70
11106461,JA455629,2017-10-02,CRIMINAL TRESPASS,TO LAND,RESTAURANT,TRUE,71
8693981,HV369974,2012-07-06,CRIMINAL TRESPASS,TO LAND,ALLEY,TRUE,66
5827212,HN637742,2007-10-09,CRIMINAL TRESPASS,TO LAND,GAS STATION,TRUE,22
9413737,HW557360,2013-12-03,CRIMINAL TRESPASS,TO LAND,LIBRARY,TRUE,32
3064175,HJ776916,2003-11-23,CRIMINAL TRESPASS,TO STATE SUP LAND,CHA HALLWAY/STAIRWELL/ELEVATOR,TRUE,28
2774880,HJ419340,2003-06-10,CRIMINAL TRESPASS,TO LAND,COLLEGE/UNIVERSITY GROUNDS,TRUE,35
2100965,HH329720,2002-04-25,CRIMINAL TRESPASS,TO STATE SUP LAND,CHA PARKING LOT/GROUNDS,TRUE,35
5635192,HM802052,2006-12-30,CRIMINAL TRESPASS,TO VEHICLE,STREET,FALSE,38
3081572,HJ804627,2003-12-07,CRIMINAL TRESPASS,TO LAND,BANK,TRUE,32
6777303,HR190881,2009-02-27,CRIMINAL TRESPASS,TO LAND,BANK,FALSE,4
1762743,G575031,2001-09-25,CRIMINAL TRESPASS,TO LAND,PARKING LOT/GARAGE(NON.RESID.),TRUE,
1427912,G122095,2001-03-02,PROSTITUTION,CALL OPERATION,RESIDENCE,TRUE,
5784844,HN595319,2007-09-17,PROSTITUTION,SOLICIT ON PUBLIC WAY,SIDEWALK,TRUE,1
1553689,G302291,2001-05-25,PROSTITUTION,SOLICIT ON PUBLIC WAY,STREET,TRUE,
1367327,G057394,2001-01-28,PROSTITUTION,SOLICIT FOR BUSINESS,STREET,TRUE,
5228794,HM590468,2006-09-09,PROSTITUTION,SOLICIT ON PUBLIC WAY,STREET,TRUE,8
8789017,HV463112,2012-09-05,PROSTITUTION,SOLICIT ON PUBLIC WAY,STREET,TRUE,25
3680034,HK749575,2004-11-14,WEAPONS VIOLATION,UNLAWFUL POSS OF HANDGUN,RESIDENCE,FALSE,25
7357439,HS100098,2010-01-01,WEAPONS VIOLATION,UNLAWFUL POSS OTHER FIREARM,RESIDENCE,TRUE,66
9432406,HW576249,2013-12-18,WEAPONS VIOLATION,UNLAWFUL POSS OF HANDGUN,RESIDENCE,TRUE,29
3426362,HK485601,2004-07-10,WEAPONS VIOLATION,UNLAWFUL POSS OF HANDGUN,SIDEWALK,TRUE,67
2269553,HH460583,2002-06-22,WEAPONS VIOLATION,UNLAWFUL POSS OF HANDGUN,STREET,TRUE,22
4965099,HM576559,2006-09-02,WEAPONS VIOLATION,UNLAWFUL POSS OF HANDGUN,RESIDENCE,TRUE,46
4317595,HL611297,2005-09-14,PUBLIC PEACE VIOLATION,RECKLESS CONDUCT,SIDEWALK,FALSE,63
8681171,HV356389,2012-06-27,PUBLIC PEACE VIOLATION,RECKLESS CONDUCT,STREET,TRUE,56
9551405,HX203242,2014-03-29,PUBLIC PEACE VIOLATION,RECKLESS CONDUCT,SIDEWALK,TRUE,42
2075734,HH292682,2002-04-05,PUBLIC PEACE VIOLATION,BOMB THREAT,"SCHOOL, PRIVATE, BUILDING",FALSE,
1806896,G635735,2001-10-22,PUBLIC PEACE VIOLATION,BOMB THREAT,"SCHOOL, PUBLIC, BUILDING",TRUE,
5766654,HN567387,2007-09-02,OFFENSE INVOLVING CHILDREN,AGG SEX ASSLT OF CHILD FAM MBR,CHURCH/SYNAGOGUE/PLACE OF WORSHIP,FALSE,21
6986273,HR391350,2009-06-23,OFFENSE INVOLVING CHILDREN,SEX ASSLT OF CHILD BY FAM MBR,APARTMENT,FALSE,29
5176248,HM768251,2006-12-11,OFFENSE INVOLVING CHILDREN,CRIM SEX ABUSE BY FAM MEMBER,RESIDENCE,TRUE,70
8159639,HT394616,2011-07-01,OFFENSE INVOLVING CHILDREN,AGG CRIM SEX ABUSE FAM MEMBER,RESIDENCE,FALSE,43
2382981,HH688935,2002-10-03,CRIM SEXUAL ASSAULT,ATTEMPT NON-AGGRAVATED,ALLEY,FALSE,68
3588432,HK677648,2004-10-10,CRIM SEXUAL ASSAULT,NON-AGGRAVATED,APARTMENT,TRUE,20
1455002,G158614,2001-03-18,CRIM SEXUAL ASSAULT,AGGRAVATED: HANDGUN,ALLEY,FALSE,
3280399,HK310265,2004-04-18,SEX OFFENSE,AGG CRIMINAL SEXUAL ABUSE,CHURCH/SYNAGOGUE/PLACE OF WORSHIP,FALSE,12
6906555,HR314298,2009-05-11,SEX OFFENSE,OTHER,STREET,TRUE,61
8169210,HT404326,2011-07-18,SEX OFFENSE,AGG CRIMINAL SEXUAL ABUSE,RESIDENCE PORCH/HALLWAY,TRUE,19
10070513,HY259084,2015-05-13,INTERFERENCE WITH PUBLIC OFFICER,RESIST/OBSTRUCT/DISARM OFFICER,STREET,FALSE,67
4072241,HL415544,2005-06-12,INTERFERENCE WITH PUBLIC OFFICER,ESCAPE,POLICE FACILITY/VEH PARKING LOT,TRUE,27
6183080,HP265256,2008-04-06,GAMBLING,GAME/DICE,SIDEWALK,TRUE,8
6987751,HR392537,2009-06-24,GAMBLING,GAME/DICE,SIDEWALK,TRUE,66
3987219,HL266884,2005-03-31,LIQUOR LAW VIOLATION,SELL/GIVE/DEL LIQUOR TO MINOR,CONVENIENCE STORE,TRUE,7
3266814,HK238408,2004-03-13,LIQUOR LAW VIOLATION,ILLEGAL CONSUMPTION BY MINOR,ALLEY,TRUE,48
9692995,HX343113,2014-07-13,ARSON,AGGRAVATED,RESIDENCE,FALSE,54
4607081,HM195342,2006-02-22,ARSON,BY FIRE,RESIDENCE,FALSE,53
21149,HW519443,2013-11-03,HOMICIDE,FIRST DEGREE MURDER,HOUSE,TRUE,58
23469,JA359626,2017-07-23,HOMICIDE,FIRST DEGREE MURDER,STREET,FALSE,45
5276766,HN144152,2007-01-26,KIDNAPPING,CHILD ABDUCTION/STRANGER,STREET,FALSE,25
5738893,HN544458,2007-08-22,INTIMIDATION,INTIMIDATION,SMALL RETAIL STORE,FALSE,45
9094512,HW238778,2013-04-15,STALKING,CYBERSTALKING,RESIDENCE,FALSE,16
11233321,JB155558,2018-02-16,OBSCENITY,OBSCENE MATTER,RESIDENCE,TRUE,70
10270593,HY458571,2015-10-12,CONCEALED CARRY LICENSE VIOLATION,OTHER,SIDEWALK,TRUE,25
10626372,HZ378869,2016-08-05,PUBLIC INDECENCY,LICENSED PREMISE,SIDEWALK,TRUE,71
10625887,HZ378355,2016-08-02,NON-CRIMINAL,LOST PASSPORT,GOVERNMENT BUILDING/PROPERTY,FALSE,11
9608166,HX258445,2014-05-12,OTHER NARCOTIC VIOLATION,INTOXICATING COMPOUNDS,SIDEWALK,TRUE,8
10453948,HZ192829,2016-03-01,HUMAN TRAFFICKING,INVOLUNTARY SERVITUDE,APARTMENT,FALSE,46
10397129,HZ133234,2016-01-29,NON - CRIMINAL,FOID - REVOCATION,STREET,FALSE,28
3269495,HJ747227,2003-11-08,RITUALISM,AGG RIT MUT: HANDS/FIST/FEET SERIOUS INJURY,OTHER,FALSE,71
10840565,JA143710,2017-02-06,NON-CRIMINAL (SUBJECT SPECIFIED),NOTIFICATION OF CIVIL NO CONTACT ORDER,RESIDENCE,FALSE,23
1326195,G021609,2001-01-11,DOMESTIC VIOLENCE,DOMESTIC VIOLENCE,APARTMENT,TRUE,
