School_ID,NAME_OF_SCHOOL,"Elementary, Middle, or High School",HEALTHY_SCHOOL_CERTIFIED,Safety_Icon,SAFETY_SCORE,Family_Involvement_Icon,Family_Involvement_Score,Environment_Icon,Environment_Score,Instruction_Icon,Instruction_Score,Leaders_Icon,Leaders_Score,Teachers_Icon,Teachers_Score,AVERAGE_STUDENT_ATTENCE,COLLEGE_ENROLLMENT,COMMUNITY_AREA_NUMBER
610038,Abraham Lincoln Elementary School,ES,TRUE,Very Strong,99,Very Strong,99,Strong,74,Strong,66,Weak,65,Strong,70,96.00%,813,7
610281,Adam Clayton Powell Paideia Community Academy Elementary School,ES,FALSE,Average,54,Strong,66,Strong,74,Very Strong,84,Weak,63,Strong,76,95.60%,521,43
610185,Adlai E Stevenson Elementary School,ES,FALSE,Strong,61,,,Average,50,Weak,36,Weak,,,,95.70%,1324,70
609993,Agustin Lara Elementary Academy,ES,FALSE,Average,56,Average,44,Average,45,Weak,37,Weak,65,Average,48,95.50%,556,61
610513,Air Force Academy High School,HS,TRUE,Average,49,Strong,60,Strong,60,Average,55,Weak,45,Average,54,93.30%,302,34
610212,Albany Park Multicultural Academy,MS,FALSE,Strong,66,Weak,37,Strong,66,Strong,71,Weak,43,Average,50,97.00%,266,14
609720,Albert G Lane Technical High School,HS,FALSE,Very Strong,88,,,Strong,62,Average,52,Weak,,,,96.30%,4368,5
610342,Albert R Sabin Elementary Magnet School,ES,FALSE,Strong,67,,,Weak,30,Very Weak,18,Weak,,,,94.70%,620,24
610524,Alcott High School for the Humanities,HS,FALSE,Strong,70,,,Strong,67,Average,51,Weak,,,,92.70%,232,5
610209,Alessandro Volta Elementary School,ES,FALSE,Average,43,Strong,61,Weak,28,Weak,37,Weak,62,Average,56,96.40%,1023,14
609799,Alexander Graham Bell Elementary School,ES,FALSE,Very Strong,99,Very Strong,88,Strong,64,Average,46,Weak,51,Average,51,96.30%,998,5
609947,Alexander Graham Elementary School,ES,FALSE,Average,49,Weak,30,Weak,31,Weak,33,Weak,30,Average,41,92.50%,476,61
609963,Alexander Hamilton Elementary School,ES,FALSE,Strong,73,Strong,64,Strong,60,Average,59,Weak,59,Average,48,95.30%,307,6
610210,Alexander von Humboldt Elementary School,ES,FALSE,Weak,31,,,Weak,32,Average,45,Weak,,,,92.50%,398,24
609808,Alex Haley Elementary Academy,ES,FALSE,Weak,28,,,Average,58,Strong,60,Weak,,,,94.90%,525,49
610028,Alfred David Kohn Elementary School,ES,FALSE,Very Weak,19,Weak,26,Weak,22,Very Weak,13,Weak,21,Very Weak,19,90.10%,428,49
610098,Alfred Nobel Elementary School,ES,FALSE,Weak,37,Weak,34,Weak,37,Weak,35,Weak,48,Weak,36,94.60%,801,23
609788,Alice L Barnard Computer Math & Science Center Elementary School,ES,FALSE,Average,46,,,Weak,39,Average,58,Weak,,,,95.60%,274,72
610334,Al Raby High School,HS,FALSE,Average,52,,,Average,51,Average,53,Weak,,,,80.30%,551,27
610131,Ambrose Plamondon Elementary School,ES,FALSE,Average,45,,,Weak,32,Weak,28,Weak,,,,96.90%,171,29
610316,Amelia Earhart Options for Knowledge Elementary School,ES,FALSE,Very Strong,81,Strong,63,Strong,60,Strong,73,Weak,34,Average,54,96.30%,264,48
609780,Ames Middle School,MS,FALSE,Weak,38,Very Weak,17,Weak,27,Weak,35,Weak,26,Weak,26,94.30%,586,22
610339,Amos Alonzo Stagg Elementary School,ES,FALSE,Weak,23,Weak,35,Weak,35,Average,42,Weak,25,Average,42,91.40%,539,68
610320,Ana Roque de Duprey Elementary School,ES,TRUE,Average,57,,,Very Weak,12,Very Weak,14,Weak,,,,95.40%,114,24
609837,Andrew Carnegie Elementary School,ES,FALSE,Average,48,Average,51,Weak,37,Strong,63,Weak,42,Weak,31,94.60%,730,42
610060,Andrew Jackson Elementary Language Academy,ES,FALSE,Very Strong,86,,,Average,57,Average,46,Weak,,,,97.40%,556,28
609869,Anna R. Langford Community Academy,ES,FALSE,Weak,31,Weak,31,Average,54,Weak,32,Weak,49,Average,50,91.80%,339,67
610084,Annie Keller Elementary Gifted Magnet School,ES,FALSE,Very Strong,99,Very Strong,97,Very Strong,85,Very Strong,82,Weak,94,Very Strong,82,97.50%,245,74
610229,A.N. Pritzker School,ES,FALSE,Average,59,,,Average,58,Strong,61,Weak,,,,94.60%,669,24
610277,Anthony Overton Elementary School,ES,FALSE,Weak,32,,,Strong,64,Strong,76,Weak,,,,90.50%,436,38
609951,Ariel Elementary Community Academy,ES,FALSE,,,,,,,,,Weak,,,,95.50%,550,39
610161,Arna Wendell Bontemps Elementary School,ES,FALSE,Weak,33,,,Average,48,Average,59,Weak,,,,94.20%,345,67
610171,Arnold Mireles Elementary Academy,ES,FALSE,Weak,27,,,Average,43,Average,54,Weak,,,,92.80%,905,46
610037,Arthur A Libby Elementary School,ES,FALSE,Weak,36,,,Strong,60,Strong,60,Weak,,,,90.80%,539,61
609887,Arthur Dixon Elementary School,ES,FALSE,Average,47,,,Average,47,Average,52,Weak,,,,94.80%,652,44
609836,Arthur E Canty Elementary School,ES,FALSE,Very Strong,87,Strong,64,Strong,70,Strong,64,Weak,49,Average,47,96.10%,784,17
610268,Arthur R Ashe Elementary School,ES,FALSE,,,,,,,,,Weak,,,,87.90%,459,44
609941,Asa Philip Randolph Elementary School,ES,FALSE,Very Weak,15,,,Average,41,Average,48,Weak,,,,92.10%,573,67
610287,Ashburn Community Elementary School,ES,FALSE,Average,48,Strong,76,Average,52,Average,40,Weak,68,Strong,70,95.50%,490,70
609820,Augustus H Burley Elementary School,ES,FALSE,Very Strong,99,,,Strong,78,Strong,65,Weak,,,,96.50%,572,6
400018,Austin Business and Entrepreneurship Academy High School,HS,FALSE,Weak,38,,,Average,41,Weak,33,Weak,,,,76.00%,316,25
610169,Austin O Sexton Elementary School,ES,FALSE,Weak,23,,,Weak,38,Weak,34,Weak,,,,90.50%,337,42
610501,Austin Polytechnical Academy High School,HS,FALSE,Weak,38,,,Average,45,Average,53,Weak,,,,70.10%,250,25
609786,Avalon Park Elementary School,ES,FALSE,Weak,32,Weak,24,Weak,38,Weak,32,Weak,32,Very Weak,16,92.10%,398,45
609871,Barbara Vick Early Childhood & Family Center,ES,FALSE,,,,,,,,,Weak,,,,60.90%,204,75
609922,Belmont-Cragin Elementary School,ES,FALSE,Strong,75,Very Strong,81,Strong,67,Strong,66,Weak,45,Average,53,95.30%,634,19
609764,Benito Juarez Community Academy High School,HS,FALSE,Average,46,Average,53,Average,44,Average,45,Weak,49,Average,48,83.70%,1683,31
610265,Benjamin Banneker Elementary School,ES,FALSE,Weak,36,,,Weak,35,Average,58,Weak,,,,91.30%,302,68
610290,Benjamin E Mays Elementary Academy,ES,FALSE,Weak,27,Weak,23,Average,55,Average,48,Weak,41,Weak,37,95.50%,301,68
610076,Bernhard Moos Elementary School,ES,FALSE,Average,50,Weak,34,Average,47,Weak,32,Weak,34,Weak,31,93.00%,429,24
610150,Betsy Ross Elementary School,ES,FALSE,Weak,39,,,Average,51,Average,50,Weak,,,,88.90%,350,40
610175,Beulah Shoesmith Elementary School,ES,FALSE,Average,45,Average,54,Average,40,Weak,39,Weak,37,Average,41,94.70%,325,39
610087,Blair Early Childhood Center,ES,FALSE,,,Strong,64,,,,,Weak,61,Strong,66,80.20%,137,64
609969,Bret Harte Elementary School,ES,FALSE,Strong,63,,,Strong,77,Strong,76,Weak,,,,94.20%,340,41
610106,Brian Piccolo Elementary Specialty School,ES,FALSE,Weak,27,,,Weak,29,Weak,31,Weak,,,,90.60%,549,23
610317,Brighton Park Elementary School,ES,FALSE,Average,55,,,Average,49,Average,43,Weak,,,,96.30%,691,58
610381,Bronzeville Scholastic Academy High School,HS,FALSE,Average,41,Weak,38,Average,42,Average,43,Weak,32,Very Weak,15,92.30%,550,38
609821,Burnham Elementary Inclusive Academy,ES,FALSE,Strong,61,Strong,77,Very Strong,85,Very Strong,99,Weak,65,Strong,71,95.50%,286,51
609827,Burnside Elementary Scholastic Academy,ES,FALSE,Average,51,,,Average,58,Strong,70,Weak,,,,94.90%,766,44
610353,Calmeca Academy of Fine Arts and Dual Language,ES,TRUE,Average,58,Strong,67,Average,59,Strong,72,Weak,64,Average,55,96.50%,792,58
609729,Carl Schurz High School,HS,FALSE,Average,48,Weak,36,Weak,36,Weak,29,Weak,30,Weak,31,81.20%,2366,16
610039,Carl von Linne Elementary School,ES,FALSE,Strong,68,Average,49,Strong,66,Strong,75,Weak,37,Average,44,95.80%,644,21
610238,Carrie Jacobs Bond Elementary School,ES,FALSE,Average,54,Average,49,Strong,67,Strong,63,Weak,39,Weak,32,91.70%,343,68
609839,Carroll-Rosenwald Specialty Elementary School,ES,FALSE,Weak,35,,,Very Weak,12,Very Weak,12,Weak,,,,94.80%,537,70
610345,Carter G Woodson South Elementary School,ES,FALSE,Weak,26,Weak,27,Very Weak,2,Very Weak,1,Weak,30,Average,41,91.90%,329,38
610148,Cesar E Chavez Multicultural Academic Center Elementary School,ES,FALSE,Average,54,Average,52,Strong,63,Average,52,Weak,57,Average,50,95.10%,915,61
609679,Charles Allen Prosser Career Academy High School,HS,FALSE,Average,59,Average,47,Average,53,Average,51,Weak,37,Average,44,86.00%,1415,19
610005,Charles Evans Hughes Elementary School,ES,FALSE,Average,42,,,Very Strong,82,Strong,72,Weak,,,,94.40%,315,29
609879,Charles Gates Dawes Elementary School,ES,FALSE,Average,44,Weak,38,Weak,27,Weak,30,Weak,60,Average,54,95.70%,1032,70
609966,Charles G Hammond Elementary School,ES,FALSE,Average,40,,,Average,41,Average,43,Weak,,,,95.30%,446,30
610366,Charles H Wacker Elementary School,ES,FALSE,Weak,32,,,Weak,34,Weak,32,Weak,,,,93.40%,246,73
610030,Charles Kozminski Elementary Community Academy,ES,FALSE,Weak,36,,,Weak,35,Average,40,Weak,,,,92.00%,403,41
609996,Charles N Holden Elementary School,ES,FALSE,Average,53,Average,44,Average,50,Weak,35,Weak,53,Average,51,94.90%,600,60
609833,Charles P Caldwell Academy of Math & Science Elementary School,ES,FALSE,Weak,25,Weak,31,Average,40,Average,44,Weak,28,Weak,25,92.70%,291,45
609732,Charles P Steinmetz Academic Centre High School,HS,FALSE,Weak,26,Weak,35,Weak,29,Weak,34,Weak,36,Weak,32,79.20%,1890,19
609875,Charles R Darwin Elementary School,ES,FALSE,Average,58,Average,40,Average,44,Weak,34,Weak,31,Average,46,95.60%,622,22
609986,Charles R Henderson Elementary School,ES,FALSE,Very Weak,16,,,Weak,32,Weak,38,Weak,,,,89.20%,407,67
609813,Charles S Brownell Elementary School,ES,FALSE,Weak,20,Very Weak,16,Strong,79,Very Strong,82,Weak,20,Very Weak,19,92.80%,310,69
609883,Charles S Deneen Elementary School,ES,FALSE,Average,55,Weak,33,Average,49,Average,51,Weak,15,Average,49,93.80%,551,69
610194,Charles Sumner  Math & Science Community Acad Elementary School,ES,FALSE,Average,41,Weak,27,Average,44,Average,48,Weak,30,Weak,34,93.90%,430,26
609897,Charles W Earle Elementary School,ES,FALSE,Weak,24,,,Strong,62,Strong,71,Weak,,,,93.80%,331,67
610248,Chicago Academy Elementary School,ES,FALSE,Strong,66,,,Average,40,Weak,22,Weak,,,,96.30%,601,17
610340,Chicago Academy High School,HS,FALSE,Average,58,Weak,35,Average,57,Average,53,Weak,56,Average,57,93.10%,502,17
609753,Chicago High School for Agricultural Sciences,HS,FALSE,Very Strong,87,Strong,77,Average,49,Average,47,Weak,57,Average,40,92.80%,579,74
609754,Chicago Military Academy High School,HS,FALSE,Weak,32,,,Weak,23,Weak,35,Weak,,,,90.30%,483,35
609674,Chicago Vocational Career Academy High School,HS,FALSE,Weak,27,Average,43,Weak,21,Weak,30,Weak,34,Weak,39,68.80%,833,45
609899,Christian Ebinger Elementary School,ES,FALSE,Strong,78,Strong,72,Strong,66,Average,50,Weak,26,Strong,62,95.90%,650,9
609705,Christian Fenger Academy High School,HS,FALSE,Weak,36,Weak,28,Average,41,Weak,32,Weak,46,Average,42,74.40%,688,49
609863,Christopher Columbus Elementary School,ES,FALSE,Strong,66,,,Average,57,Average,55,Weak,,,,95.50%,309,24
609790,Clara Barton Elementary School,ES,FALSE,Weak,25,Average,42,Weak,28,Weak,34,Weak,77,Average,59,91.70%,602,71
610347,Claremont Academy Elementary School,ES,FALSE,Weak,36,Weak,33,Average,50,Average,51,Weak,62,Average,59,92.50%,531,66
610499,Collins Academy High School,HS,FALSE,Strong,60,Average,42,Average,51,Average,46,Weak,47,Average,48,91.40%,409,29
610170,Columbia Explorers Elementary Academy,ES,FALSE,Average,59,Strong,64,Average,59,Strong,63,Weak,65,Strong,72,95.40%,1038,58
610004,Countee Cullen Elementary School,ES,FALSE,Very Weak,14,,,Weak,28,Weak,34,Weak,,,,94.10%,233,49
609781,Crispus Attucks Elementary School,ES,FALSE,Average,45,Strong,76,Strong,64,Average,57,Weak,81,Very Strong,85,95.20%,274,38
609873,Crown Community Academy of Fine Arts Center Elementary School,ES,FALSE,Weak,27,Weak,39,Average,51,Average,52,Weak,45,Weak,31,92.50%,298,29
610063,Cyrus H McCormick Elementary School,ES,TRUE,,,Strong,60,,,,,Weak,61,Average,54,95.90%,894,30
609804,Daniel Boone Elementary School,ES,FALSE,Average,52,Average,50,Average,47,Average,48,Weak,45,Average,53,95.50%,752,2
610083,Daniel C Beard Elementary School,ES,FALSE,,,,,,,,,Weak,,,,91.90%,160,10
610380,Daniel Hale Williams Prep School of Medicine,HS,FALSE,Average,50,,,Average,45,Average,54,Weak,,,,91.30%,324,38
609870,Daniel J Corkery Elementary School,ES,FALSE,Weak,39,,,Weak,31,Weak,29,Weak,,,,94.70%,631,30
609835,Daniel R Cameron Elementary School,ES,FALSE,Average,42,,,Average,49,Average,50,Weak,,,,92.60%,828,23
610223,Daniel S Wentworth Elementary School,ES,FALSE,Weak,30,Weak,32,Weak,34,Weak,36,Weak,31,Weak,32,91.60%,365,68
610221,Daniel Webster Elementary School,ES,FALSE,Average,48,Average,56,Very Strong,81,Strong,66,Weak,46,Average,44,94.80%,370,26
609704,David G Farragut Career Academy High School,HS,FALSE,Average,43,,,Average,42,Weak,32,Weak,,,,86.10%,1456,30
610402,DeVry University Advantage Academy High School,HS,FALSE,,,,,,,,,Weak,,,,96.70%,200,5
609885,Dewey Elementary Academy of Fine Arts,ES,FALSE,Average,41,,,Average,42,Weak,35,Weak,,,,90.70%,357,61
609859,DeWitt Clinton Elementary School,ES,FALSE,Average,47,Average,41,Average,47,Average,52,Weak,41,Weak,36,95.30%,1139,2
610515,Disney II Magnet School,ES,FALSE,,,Very Strong,99,,,,,Weak,75,Average,53,97.30%,363,16
610077,Donald Morrill Math & Science Elementary School,ES,FALSE,Weak,28,Weak,25,Weak,32,Weak,39,Weak,35,Weak,32,93.40%,823,66
610198,Douglas Taylor Elementary School,ES,FALSE,Weak,34,,,Weak,20,Very Weak,1,Weak,,,,95.10%,632,52
610533,Dr Jorge Prieto Math and Science,ES,FALSE,,,,,,,,,Weak,,,,94.70%,1001,19
609751,Dr  Martin Luther King  Jr  College Prep High School,HS,FALSE,,,,,,,,,Weak,,,,92.90%,915,39
610266,Dumas Technology Academy,ES,FALSE,Very Weak,19,,,Weak,25,Average,49,Weak,,,,92.50%,381,42
610188,Dunne Technology Academy,ES,FALSE,Average,46,Average,53,Strong,65,Strong,71,Weak,51,Average,59,94.60%,310,49
610352,Durkin Park Elementary School,ES,FALSE,Strong,61,Strong,74,Average,57,Average,58,Weak,88,Strong,74,95.40%,543,70
610254,Dvorak Technology Academy,ES,FALSE,Average,46,Weak,22,Strong,66,Strong,69,Weak,4,Very Weak,13,94.20%,556,29
609736,Dyett High School,HS,FALSE,Weak,27,Very Weak,18,Weak,35,Average,47,Weak,35,Weak,25,62.50%,318,40
610132,Edgar Allan Poe Elementary Classical School,ES,FALSE,Very Strong,99,Weak,33,Strong,66,Very Strong,88,Weak,27,Average,41,97.60%,192,50
609901,Edgebrook Elementary School,ES,FALSE,Very Strong,99,Very Strong,99,Average,51,Average,53,Weak,66,Strong,70,96.90%,468,12
610523,Edison Park Elementary School,ES,FALSE,Very Strong,95,,,Average,52,Average,49,Weak,,,,96.10%,431,10
609819,Edmond Burke Elementary School,ES,FALSE,Very Weak,1,,,Very Weak,13,Weak,22,Weak,,,,89.30%,244,40
609815,Edward A Bouchet Math & Science Academy Elementary School,ES,FALSE,Weak,33,Average,57,Average,55,Average,50,Weak,53,Average,58,92.90%,783,43
610246,Edward Beasley Elementary Magnet Academic Center,ES,FALSE,Average,47,,,Weak,34,Average,48,Weak,,,,95.00%,1365,40
609881,Edward C Delano Elementary School,ES,FALSE,Weak,38,Strong,64,Strong,66,Average,52,Weak,63,Strong,79,93.40%,414,26
609862,Edward Coles Elementary Language Academy,ES,FALSE,Weak,22,Average,43,Average,40,Average,54,Weak,52,Average,53,95.10%,554,46
609909,Edward Everett Elementary School,ES,FALSE,,,Strong,66,,,,,Weak,47,Average,45,95.30%,321,59
610012,Edward Jenner Elementary Academy of the Arts,ES,FALSE,Average,50,Weak,34,Strong,62,Average,41,Weak,20,Weak,26,88.90%,314,8
609904,Edward K Ellington Elementary School,ES,FALSE,Weak,30,,,Weak,37,Average,55,Weak,,,,93.30%,377,25
610006,Edward N Hurley Elementary School,ES,FALSE,Strong,77,Average,56,Average,50,Average,49,Weak,43,Average,54,95.40%,830,65
609735,Edward Tilden Career Community Academy High School,HS,FALSE,Weak,34,Average,57,Average,45,Weak,37,Weak,54,Weak,35,78.40%,461,61
610315,Edward White Elementary Career Academy,ES,FALSE,Weak,27,,,Average,44,Average,48,Weak,,,,93.80%,138,53
609708,Edwin G Foreman High School,HS,FALSE,Weak,26,,,Weak,28,Weak,23,Weak,,,,84.30%,1716,15
609913,Elaine O Goodlow Elementary Magnet School,ES,FALSE,Average,44,Average,42,Average,52,Average,56,Weak,35,Weak,28,91.60%,419,67
610233,Elihu Yale Elementary School,ES,FALSE,Weak,29,Weak,35,Average,43,Average,50,Weak,,,,89.70%,182,69
610227,Eli Whitney Elementary School,ES,TRUE,Average,44,,,Average,49,Average,53,Weak,,,,95.80%,1133,30
610195,Elizabeth H Sutherland Elementary School,ES,FALSE,Very Strong,86,,,Strong,64,Average,59,Weak,,,,95.60%,762,72
610119,Elizabeth Peabody Elementary School,ES,FALSE,Average,51,Average,58,Average,50,Strong,61,Weak,57,Average,55,95.20%,289,24
609852,Eliza Chappell Elementary School,ES,FALSE,Strong,70,Strong,65,Average,53,Average,51,Weak,56,Average,48,95.10%,451,4
610235,Ella Flagg Young Elementary School,ES,FALSE,Weak,31,,,Average,44,Average,50,Weak,,,,94.30%,1111,25
609682,Ellen H Richards Career Academy High School,HS,FALSE,Weak,30,Weak,23,Weak,32,Very Weak,19,Weak,42,Weak,34,90.60%,473,61
610073,Ellen Mitchell Elementary School,ES,FALSE,Very Strong,99,Strong,64,Very Strong,95,Very Strong,95,Weak,81,Very Strong,90,95.50%,344,24
609712,Emil G Hirsch Metropolitan High School,HS,FALSE,Very Weak,13,Average,46,Weak,28,Weak,28,Weak,52,Average,50,84.80%,458,69
609973,Emiliano Zapata Elementary Academy,ES,FALSE,Strong,60,Average,52,Average,43,Average,42,Weak,73,Strong,79,96.60%,988,30
610065,Emmett Louis Till Math and Science Academy,ES,FALSE,Weak,31,Weak,31,Average,47,Average,40,Weak,49,Average,42,88.00%,471,42
609916,Enrico Fermi Elementary School,ES,FALSE,Weak,30,Average,42,Strong,65,Strong,63,Weak,42,Average,47,89.90%,238,43
610203,Enrico Tonti Elementary School,ES,FALSE,,,Average,44,,,,,Weak,47,Average,54,95.80%,1021,63
610543,Eric Solorio Academy High School,HS,FALSE,Strong,67,Average,54,Average,53,Strong,63,Weak,62,Strong,64,92.20%,581,63
610137,Ernst Prussing Elementary School,ES,FALSE,Strong,71,,,Average,49,Average,42,Weak,,,,95.40%,672,15
609908,Esmond Elementary School,ES,FALSE,Weak,36,,,Average,49,Average,43,Weak,,,,92.90%,342,75
609918,Eugene Field Elementary School,ES,FALSE,Average,42,Weak,33,Average,47,Weak,37,Weak,21,Very Weak,8,96.80%,375,1
609874,Everett McKinley Dirksen Elementary School,ES,FALSE,Average,44,,,Very Weak,12,Very Weak,1,Weak,,,,95.90%,786,76
610319,Evergreen Academy Middle School,MS,FALSE,Strong,60,Average,58,Average,47,Average,44,Weak,59,Strong,65,96.10%,389,59
610057,Fairfield Elementary Academy,ES,FALSE,Weak,31,Weak,24,Average,41,Weak,34,Weak,45,Weak,25,93.40%,604,66
610541,Federico Garcia Lorca Elementary School,ES,FALSE,Average,53,Average,58,Average,53,Average,58,Weak,74,Very Strong,82,96.80%,860,21
610308,Wilma Rudolph Elementary Learning Center,ES,FALSE,,,,,,,,,Weak,,,,80.00%,100,28
610120,Ferdinand Peck Elementary School,ES,FALSE,Average,51,Average,43,Average,43,Average,47,Weak,32,Weak,37,96.30%,1560,62
609917,Fernwood Elementary School,ES,FALSE,Weak,29,Weak,37,Very Weak,17,Average,43,Weak,39,Average,50,93.40%,344,73
610258,Florence B Price Elementary School,ES,FALSE,Weak,20,,,Weak,37,Average,46,Weak,,,,90.00%,112,39
610096,Florence Nightingale Elementary School,ES,FALSE,Weak,35,Average,54,Average,40,Average,48,Weak,68,Strong,72,95.60%,1382,63
609924,Fort Dearborn Elementary School,ES,FALSE,Weak,34,,,Strong,61,Strong,71,Weak,,,,93.40%,478,73
609927,Foster Park Elementary School,ES,FALSE,Very Weak,11,Average,41,Weak,20,Weak,22,Weak,50,Average,46,93.70%,418,71
610215,Francisco I Madero Middle School,MS,TRUE,Average,49,Weak,32,Average,48,Average,47,Weak,49,Weak,34,95.10%,314,30
610067,Francis M McKay Elementary School,ES,FALSE,Weak,23,Average,48,Weak,37,Average,54,Weak,67,Strong,61,93.50%,891,66
610114,Francis Parkman Elementary School,ES,FALSE,Weak,38,Weak,25,Average,45,Weak,39,Weak,20,Weak,28,90.60%,224,37
610020,Francis Scott Key Elementary School,ES,FALSE,Weak,37,,,Average,49,Strong,64,Weak,,,,91.90%,301,25
610112,Francis W Parker Elementary Community Academy,ES,FALSE,Weak,30,,,Average,53,Average,57,Weak,,,,91.90%,808,68
609800,Frank I Bennett Elementary School,ES,FALSE,Average,46,Average,46,Average,55,Strong,66,Weak,55,Average,56,92.50%,504,49
609939,Frank L Gillespie Elementary School,ES,FALSE,Weak,27,,,Weak,30,Average,45,Weak,,,,91.90%,609,49
609926,Franklin Elementary Fine Arts Center,ES,FALSE,Very Strong,87,,,Strong,60,Average,55,Weak,,,,95.90%,363,8
609958,Frank W Gunsaulus Elementary Scholastic Academy,ES,FALSE,Average,46,Weak,38,Weak,30,Average,45,Weak,34,Very Weak,14,96.60%,867,58
610144,Frank W Reilly Elementary School,ES,FALSE,Average,48,,,Weak,33,Weak,34,Weak,,,,97.00%,1195,21
610165,Franz Peter Schubert Elementary School,ES,FALSE,,,Weak,31,,,,,Weak,32,Weak,26,95.80%,949,19
610503,Frazier Prospective IB Magnet Elementary School,ES,FALSE,Strong,60,Average,55,Very Strong,84,Strong,72,Weak,42,Average,55,96.80%,220,29
609854,Frederic Chopin Elementary School,ES,FALSE,Very Strong,86,Very Strong,99,Very Strong,99,Very Strong,99,Weak,97,Very Strong,99,96.90%,269,24
610245,Frederick A Douglass Academy High School,HS,FALSE,Average,44,,,Weak,39,Weak,37,Weak,,,,79.20%,354,25
609930,Frederick Funston Elementary School,ES,FALSE,Very Weak,16,,,Very Weak,14,Very Weak,16,Weak,,,,94.70%,619,22
610163,Frederick Stock Elementary School,ES,FALSE,,,Very Strong,99,,,,,Weak,84,Very Strong,81,72.40%,260,9
610010,Friedrich Ludwig Jahn Elementary School,ES,FALSE,Strong,72,,,Strong,60,Average,59,Weak,,,,94.70%,495,5
609737,Friedrich W von Steuben Metropolitan Science High School,HS,FALSE,Strong,70,Weak,39,Average,42,Average,51,Weak,26,Weak,29,87.00%,1636,13
609709,Gage Park High School,HS,FALSE,Very Weak,14,Average,43,Weak,29,Weak,37,Weak,38,Weak,35,72.50%,1052,63
610009,Galileo Math & Science Scholastic Academy Elementary School,ES,FALSE,Strong,65,Average,52,Average,40,Average,42,Weak,56,Weak,33,95.00%,606,28
610072,Garrett A Morgan Elementary School,ES,FALSE,Weak,28,Weak,38,Average,58,Average,55,Weak,46,Weak,36,92.00%,237,71
610293,Genevieve Melody Elementary School,ES,FALSE,Strong,61,,,Strong,65,Strong,77,Weak,,,,92.10%,315,26
609779,George Armstrong International Studies Elementary School,ES,FALSE,Average,59,Average,57,Average,59,Strong,64,Weak,53,Average,45,96.30%,1509,2
610062,George B McClellan Elementary School,ES,FALSE,Average,49,,,Weak,33,Average,40,Weak,,,,93.20%,283,60
610196,George B Swift Elementary Specialty School,ES,FALSE,Strong,61,Average,53,Strong,62,Strong,60,Weak,61,Average,59,96.30%,709,77
609849,George F Cassell Elementary School,ES,FALSE,Strong,76,Strong,67,Average,57,Weak,36,Weak,66,Strong,61,94.40%,358,74
609761,George H Corliss High School,HS,FALSE,Weak,33,Average,52,Average,40,Average,48,Weak,48,Average,54,71.30%,621,50
610305,George Leland Elementary School,ES,FALSE,,,Strong,71,,,,,Weak,68,Strong,77,92.60%,182,25
610048,George Manierre Elementary School,ES,FALSE,Average,43,,,Average,49,Average,40,Weak,,,,91.00%,396,8
610139,George M Pullman Elementary School,ES,FALSE,Average,59,,,Strong,66,Strong,75,Weak,,,,93.50%,259,50
609795,George Rogers Clark Elementary School,ES,FALSE,Weak,39,,,Weak,32,Weak,36,Weak,,,,93.90%,297,25
609760,George Washington Carver Military Academy High School,HS,FALSE,Average,53,,,Weak,37,Weak,34,Weak,,,,91.60%,532,54
609845,George Washington Carver Primary School,ES,FALSE,Weak,25,,,Weak,33,Weak,30,Weak,,,,90.90%,546,54
610219,George Washington Elementary School,ES,FALSE,Average,58,Strong,61,Weak,33,Average,43,Weak,80,Strong,76,95.50%,813,52
609739,George Washington High School,HS,FALSE,Average,46,Average,53,Weak,36,Weak,36,Weak,52,Average,46,80.20%,1524,52
609900,George W Curtis Elementary School,ES,FALSE,Weak,23,,,Average,43,Average,58,Weak,,,,93.80%,504,49
609693,George Westinghouse High School,HS,FALSE,Strong,74,Strong,72,Strong,77,Very Strong,80,Weak,86,Strong,71,93.60%,828,23
610202,George W Tilton Elementary School,ES,FALSE,Very Weak,6,Weak,25,Weak,30,Average,41,Weak,25,Average,44,91.40%,321,26
609920,Gerald Delgado Kanoon Elementary Magnet School,ES,FALSE,Average,44,Weak,37,Average,48,Average,48,Weak,61,Average,43,95.90%,713,30
610187,Graeme Stewart Elementary School,ES,FALSE,Average,49,,,Average,46,Average,57,Weak,,,,95.20%,280,3
610285,Granville T Woods Math & Science Academy Elementary School,ES,FALSE,Weak,35,,,Average,43,Weak,31,Weak,,,,91.90%,402,67
610383,Greater Lawle High School For Social Justice,HS,FALSE,Average,43,Strong,72,Average,46,Average,44,Weak,81,Strong,65,87.50%,371,30
609857,Grover Cleveland Elementary School,ES,FALSE,Strong,64,Average,43,Average,58,Average,47,Weak,51,Average,44,95.00%,688,16
610241,Guglielmo Marconi Elementary Community Academy,ES,FALSE,Weak,26,,,Strong,65,Strong,76,Weak,,,,91.50%,245,26
609741,Gurdon S Hubbard High School,HS,FALSE,Average,42,,,Weak,34,Weak,29,Weak,,,,89.30%,1672,65
609726,Gwendolyn Brooks College Preparatory Academy High School,HS,FALSE,Strong,64,,,Average,44,Average,49,Weak,,,,87.10%,783,49
610182,Hannah G Solomon Elementary School,ES,FALSE,Strong,78,Very Strong,96,Strong,67,Strong,62,Weak,75,Strong,62,95.80%,363,13
610068,Hanson Park Elementary School,ES,FALSE,Weak,35,,,Weak,34,Weak,33,Weak,,,,95.00%,1499,19
610124,Harold Washington Elementary School,ES,FALSE,Weak,28,,,Average,45,Strong,63,Weak,,,,96.10%,549,47
610192,Harriet Beecher Stowe Elementary School,ES,FALSE,Weak,28,,,Weak,26,Weak,31,Weak,,,,93.80%,893,23
610158,Harriet E Sayre Elementary Language Academy,ES,FALSE,Strong,68,,,Average,41,Average,50,Weak,,,,96.20%,605,25
609974,Hawthorne Elementary Scholastic Academy,ES,TRUE,Very Strong,92,Very Strong,88,Strong,61,Average,56,Weak,90,Very Strong,84,96.90%,569,6
609985,Helen M Hefferan Elementary School,ES,FALSE,Weak,29,Weak,39,Weak,26,Strong,63,Weak,58,Average,52,93.80%,259,26
610122,Helen Peirce International Studies Elementary School,ES,FALSE,Average,58,,,Weak,32,Weak,22,Weak,,,,96.70%,977,77
609972,Helge A Haugan Elementary School,ES,FALSE,Average,43,Weak,39,Average,57,Average,49,Weak,33,Weak,30,96.20%,1299,14
609856,Henry Clay Elementary School,ES,FALSE,Weak,38,Weak,39,Weak,30,Weak,30,Weak,24,Weak,31,95.20%,633,55
610040,Henry D Lloyd Elementary School,ES,FALSE,,,,,,,,,Weak,,,,96.20%,1334,19
610092,Henry H Nash Elementary School,ES,FALSE,Average,41,,,Strong,68,Strong,76,Weak,,,,95.10%,393,25
610279,Henry O Tanner Elementary School,ES,FALSE,Weak,33,,,Average,42,Average,55,Weak,,,,91.80%,448,69
609861,Henry R Clissold Elementary School,ES,FALSE,Average,45,Strong,61,Weak,39,Strong,61,Weak,38,Average,51,95.10%,588,75
610297,High School of Leadership at South Shore,HS,FALSE,,,Weak,30,,,,,Weak,16,Weak,28,72.00%,731,43
609798,Hiram H Belding Elementary School,ES,FALSE,Strong,64,Strong,63,Strong,67,Strong,69,Weak,49,Average,51,95.00%,672,16
609768,Hope College Preparatory High School,HS,FALSE,Weak,31,Average,51,Weak,37,Average,44,Weak,56,Weak,35,72.20%,561,68
609850,Horace Greeley Elementary School,ES,FALSE,Strong,65,,,Average,48,Weak,38,Weak,,,,95.90%,611,6
610052,Horace Mann Elementary School,ES,FALSE,Weak,28,Weak,31,Weak,31,Weak,30,Weak,31,Weak,24,92.60%,472,46
610058,Horatio May Elementary Community Academy,ES,FALSE,Average,42,,,Average,47,Average,56,Weak,,,,91.90%,458,25
609713,Hyde Park Academy High School,HS,FALSE,Weak,29,Weak,39,Weak,34,Average,43,Weak,35,Average,41,70.50%,1518,42
610390,Hyman G Rickover Naval Academy High School,HS,FALSE,Strong,64,,,Strong,64,Average,42,Weak,,,,92.90%,423,77
610110,Ida B Wells Preparatory Elementary Academy,ES,FALSE,Average,49,,,Strong,64,Very Strong,93,Weak,,,,93.20%,215,35
610273,Ignance Paderewski Elementary Learning Academy,ES,FALSE,Weak,31,,,Strong,63,Very Strong,98,Weak,,,,92.10%,130,30
610384,Infinity Math Science and Technology High School,HS,FALSE,Average,58,,,Strong,66,Strong,65,Weak,,,,92.20%,388,30
610078,Inter-American Elementary Magnet School,ES,FALSE,Strong,67,,,Average,50,Average,51,Weak,,,,96.20%,690,6
609848,Ira F Aldridge Elementary School,ES,FALSE,Weak,39,,,Weak,36,Weak,39,Weak,,,,92.90%,285,54
610532,Irene C. Hernandez Middle School for the Advancement of Science,MS,FALSE,Weak,34,Weak,34,Weak,27,Weak,27,Weak,28,Weak,27,95.50%,970,63
610125,Irma C Ruiz Elementary School,ES,TRUE,Average,57,Average,59,Average,57,Strong,62,Weak,51,Average,56,95.50%,916,31
610276,Irvin C Mollison Elementary School,ES,FALSE,Average,44,,,Average,46,Weak,38,Weak,,,,91.10%,244,38
610103,Isabelle C O'Keeffe Elementary School,ES,FALSE,Very Weak,17,,,Weak,28,Weak,29,Weak,,,,92.10%,575,43
610256,Jackie Robinson Elementary School,ES,FALSE,,,,,,,,,Weak,,,,90.50%,140,36
609797,Jacob Beidler Elementary School,ES,FALSE,Strong,63,,,Strong,70,Average,58,Weak,,,,95.40%,411,27
609766,Jacqueline B Vaughn Occupational High School,HS,FALSE,Average,57,Strong,72,Weak,33,Weak,20,Weak,67,Strong,69,87.60%,203,15
609912,James B Farnsworth Elementary School,ES,FALSE,Average,55,Strong,62,Average,40,Weak,38,Weak,63,Average,59,94.20%,574,11
610070,James B McPherson Elementary School,ES,FALSE,Strong,71,,,Average,48,Weak,38,Weak,,,,96.50%,695,4
610066,James E McDade Elementary Classical School,ES,FALSE,Very Strong,99,,,Average,57,Average,52,Weak,,,,96.20%,199,44
609803,James G Blaine Elementary School,ES,FALSE,Very Strong,99,,,Strong,76,Strong,74,Weak,,,,96.40%,923,6
609983,James Hedges Elementary School,ES,FALSE,Weak,22,,,Weak,22,Weak,24,Weak,,,,95.40%,845,61
610047,James Madison Elementary School,ES,FALSE,Weak,39,,,Weak,32,Weak,28,Weak,,,,94.90%,317,43
610074,James Monroe Elementary School,ES,FALSE,Average,45,,,Weak,26,Weak,22,Weak,,,,95.10%,1125,22
610200,James N Thorp Elementary School,ES,FALSE,Weak,32,,,Weak,39,Weak,39,Weak,,,,91.80%,449,46
610107,James Otis Elementary School,ES,FALSE,Very Strong,83,Very Strong,92,Strong,67,Average,58,Weak,92,Very Strong,94,95.50%,491,24
609891,James R Doolittle Jr Elementary School,ES,FALSE,Weak,30,,,Weak,25,Average,46,Weak,,,,91.40%,306,35
610044,James Russell Lowell Elementary School,ES,FALSE,Weak,39,,,Weak,39,Average,40,Weak,,,,93.20%,593,23
610174,James Shields Elementary School,ES,FALSE,Weak,38,,,Average,57,Average,58,Weak,,,,97.00%,1834,58
610213,James Wadsworth Elementary School,ES,FALSE,,,,,,,,,Weak,,,,92.20%,277,42
610217,James Ward Elementary School,ES,FALSE,Average,49,Strong,65,Average,50,Average,46,Weak,63,Average,56,97.80%,492,34
610274,James Weldon Johnson Elementary School,ES,FALSE,Strong,67,Weak,38,Strong,61,Strong,75,Weak,63,Strong,66,94.70%,365,29
609772,Jane Addams Elementary School,ES,FALSE,Average,56,Average,50,Average,44,Average,46,Weak,47,Average,44,96.00%,928,52
610093,Jane A Neil Elementary School,ES,FALSE,Average,42,Average,41,Weak,27,Weak,28,Weak,40,Weak,36,88.90%,306,44
609796,Jean Baptiste Beaubien Elementary School,ES,FALSE,Strong,63,,,Average,49,Average,47,Weak,,,,95.70%,1181,11
610031,Jean D Lafayette Elementary School,ES,FALSE,Average,44,Average,53,Average,43,Weak,38,Weak,80,Strong,72,94.10%,474,24
610271,Jensen Elementary Scholastic Academy,ES,FALSE,Weak,35,Average,41,Average,42,Strong,67,Weak,43,Average,40,93.10%,364,27
609932,Jesse Owens Elementary Community Academy,ES,FALSE,,,,,,,,,Weak,,,,91.30%,340,53
610173,Jesse Sherwood Elementary School,ES,FALSE,Weak,38,,,Average,47,Average,58,Weak,,,,92.00%,355,68
609942,Johann W von Goethe Elementary School,ES,FALSE,Strong,75,Strong,61,Strong,68,Average,52,Weak,62,Strong,69,95.80%,786,22
610216,John A Walsh Elementary School,ES,TRUE,Strong,60,,,Strong,70,Very Strong,91,Weak,,,,95.10%,501,31
609789,John Barry Elementary School,ES,FALSE,Weak,35,Average,49,Strong,70,Very Strong,81,Weak,34,Average,41,95.10%,800,20
609894,John B Drake Elementary School,ES,FALSE,Average,59,Weak,20,Average,57,Average,46,Weak,43,Very Weak,16,93.80%,249,35
610089,John B Murphy Elementary School,ES,FALSE,Very Strong,80,,,Strong,75,Average,59,Weak,,,,95.60%,638,16
610243,John Calhoun North Elementary School,ES,FALSE,Average,52,Average,51,Average,44,Average,54,Weak,79,Very Strong,88,95.90%,328,27
609829,John C Burroughs Elementary School,ES,TRUE,Average,50,Average,55,Weak,39,Weak,38,Weak,71,Average,53,95.60%,510,58
609866,John C Coonley Elementary School,ES,FALSE,Very Strong,87,Very Strong,90,Strong,65,Weak,39,Weak,65,Average,56,95.90%,668,5
609893,John C Dore Elementary School,ES,FALSE,Strong,74,Strong,67,Strong,69,Strong,79,Weak,57,Average,51,95.60%,590,64
609959,John Charles Haines Elementary School,ES,FALSE,Weak,32,Average,47,Weak,37,Weak,37,Weak,42,Average,48,98.40%,664,34
610176,John D Shoop Math-Science Technical Academy Elementary School,ES,FALSE,Weak,32,Average,47,Average,43,Average,51,Weak,53,Average,42,93.20%,553,75
609898,John F Eberhart Elementary School,ES,FALSE,Average,42,Average,41,Weak,33,Weak,34,Weak,42,Weak,32,95.30%,1777,66
609919,John Fiske Elementary School,ES,FALSE,Very Weak,13,Weak,24,Weak,37,Average,55,Weak,40,Weak,35,92.90%,254,42
609718,John F Kennedy High School,HS,FALSE,Average,53,Weak,30,Weak,32,Weak,27,Weak,22,Weak,24,83.00%,1589,56
610263,John Foster Dulles Elementary School,ES,FALSE,Average,42,Weak,22,Average,53,Average,42,Weak,32,Weak,21,94.10%,537,69
610228,John Greenleaf Whittier Elementary School,ES,FALSE,Strong,65,,,Average,45,Weak,24,Weak,,,,94.90%,409,31
609694,John Hancock College Preparatory High School,HS,FALSE,Average,51,Average,44,Average,44,Average,41,Weak,37,Average,42,78.20%,967,62
609971,John Harvard Elementary School of Excellence,ES,FALSE,Average,51,Weak,24,Strong,61,Strong,61,Weak,43,Weak,36,93.00%,476,69
609975,John Hay Elementary Community Academy,ES,FALSE,Average,44,,,Average,49,Strong,61,Weak,,,,92.90%,554,25
609964,John H Hamline Elementary School,ES,FALSE,Weak,33,Weak,24,Weak,29,Average,43,Weak,17,Weak,33,94.40%,679,61
610026,John H Kinzie Elementary School,ES,FALSE,Strong,64,,,Average,49,Average,54,Weak,,,,95.40%,733,56
610207,John H Vanderpoel Elementary Magnet School,ES,FALSE,Strong,74,,,Weak,24,Weak,31,Weak,,,,97.20%,317,72
609782,John J Audubon Elementary School,ES,FALSE,Very Strong,95,Strong,73,Strong,75,Strong,60,Weak,60,Strong,65,96.20%,580,5
610126,John J Pershing Elementary Humanities Magnet,ES,FALSE,,,Very Strong,90,,,,,Weak,70,Strong,78,95.50%,258,35
610054,John L Marsh Elementary School,ES,FALSE,Strong,72,Average,53,Average,53,Weak,39,Weak,55,Average,48,95.70%,841,51
609723,John Marshall Metropolitan High School,HS,FALSE,Average,51,Average,52,Average,45,Average,46,Weak,49,Average,42,74.10%,726,27
609710,John M Harlan Community Academy High School,HS,FALSE,,,,,,,,,Weak,,,,81.20%,1245,49
609954,John Milton Gregory Elementary School,ES,FALSE,Average,44,Average,43,Weak,39,Average,43,Weak,66,Average,59,95.20%,323,27
610180,John M Smyth Elementary School,ES,FALSE,Weak,37,,,Average,54,Strong,64,Weak,,,,92.40%,475,28
610199,Johnnie Colemon Elementary Academy,ES,FALSE,Strong,60,,,Average,56,Strong,63,Weak,,,,95.90%,266,53
610111,John Palmer Elementary School,ES,FALSE,Strong,75,,,Strong,61,Strong,68,Weak,,,,96.30%,919,14
609775,John P Altgeld Elementary School,ES,FALSE,Average,48,Weak,37,Strong,64,Average,58,Weak,27,Weak,35,91.90%,527,67
610184,John Spry Elementary Community School,ES,FALSE,Strong,66,Average,59,Strong,70,Strong,67,Weak,52,Average,43,96.20%,809,30
610269,John T McCutcheon Elementary School,ES,FALSE,Average,56,Weak,36,Strong,67,Average,41,Weak,32,Average,42,94.00%,355,3
610130,John T Pirie Fine Arts & Academic Center Elementary School,ES,FALSE,Weak,26,Average,44,Strong,63,Strong,62,Weak,43,Average,46,93.50%,384,44
609864,John W Cook Elementary School,ES,FALSE,,,,,,,,,Weak,,,,94.00%,482,71
609937,John W Garvy Elementary School,ES,FALSE,Strong,60,Strong,70,Average,50,Average,51,Weak,51,Average,55,95.30%,720,10
610225,John Whistler Elementary School,ES,FALSE,Average,45,Weak,32,Average,41,Weak,28,Weak,20,Weak,21,92.40%,375,53
609828,Jonathan Burr Elementary School,ES,FALSE,Strong,71,Strong,66,Strong,68,Average,51,Weak,53,Strong,63,95.90%,348,24
610159,Jonathan Y Scammon Elementary School,ES,FALSE,Average,44,,,Weak,21,Weak,20,Weak,,,,95.90%,937,16
609865,Jordan Elementary Community School,ES,FALSE,Strong,61,Weak,31,Average,57,Average,49,Weak,17,Very Weak,15,95.60%,753,1
610313,Jose De Diego Elementary Community Academy,ES,TRUE,Average,57,Average,53,Weak,37,Average,40,Weak,60,Strong,64,95.00%,869,24
609950,Josefa Ortiz De Dominguez Elementary School,ES,FALSE,,,Strong,69,,,,,Weak,48,Average,54,95.80%,793,30
610242,Joseph Brennemann Elementary School,ES,FALSE,Average,50,Average,56,Average,55,Average,59,Weak,41,Average,54,96.50%,362,3
609938,Joseph E Gary Elementary School,ES,FALSE,Weak,32,Weak,27,Weak,29,Weak,28,Weak,29,Very Weak,17,96.10%,1204,30
610041,Josephine C Locke Elementary School,ES,FALSE,Average,57,Average,47,Average,49,Average,56,Weak,44,Average,45,95.50%,1317,18
610015,Joseph Jungman Elementary School,ES,FALSE,Weak,36,Weak,34,Average,56,Average,53,Weak,20,Average,43,96.40%,286,31
609925,Joseph Kellman Corporate Community Elementary School,ES,FALSE,Average,58,Strong,68,Average,42,Average,45,Weak,37,Average,50,95.20%,293,27
610043,Joseph Lovett Elementary School,ES,FALSE,Average,43,,,Weak,32,Weak,22,Weak,,,,95.40%,490,25
610189,Joseph Stockton Elementary School,ES,FALSE,Weak,37,,,Average,51,Strong,68,Weak,,,,94.90%,462,3
610218,Joseph Warren Elementary School,ES,FALSE,Weak,33,Average,55,Average,49,Average,40,Weak,,,,95.00%,328,48
610019,Joshua D Kershaw Elementary School,ES,FALSE,Strong,62,Strong,63,Strong,69,Average,56,Weak,50,Average,59,94.80%,262,68
610129,Josiah Pickard Elementary School,ES,FALSE,Average,50,Weak,36,Weak,35,Weak,37,Weak,32,Weak,34,95.80%,656,31
610022,Joyce Kilmer Elementary School,ES,FALSE,,,Average,43,,,,,Weak,43,Average,42,96.00%,886,1
610253,Julia C Lathrop Elementary School,ES,FALSE,Strong,67,,,Average,58,Weak,26,Weak,,,,90.50%,83,29
610000,Julia Ward Howe Elementary School of Excellence,ES,FALSE,Strong,67,Average,46,Very Strong,90,Strong,69,Weak,59,Strong,67,96.00%,576,25
610280,Kate S Buckingham Special Education Center,ES,FALSE,Weak,31,,,Weak,24,Weak,20,Weak,,,,83.40%,26,48
610016,Kate S Kellogg Elementary School,ES,FALSE,Strong,76,,,Average,57,Strong,63,Weak,,,,96.30%,283,72
609716,Kelvyn Park High School,HS,FALSE,Weak,32,Weak,28,Weak,32,Weak,28,Weak,19,Average,43,74.40%,1252,20
609746,Kenwood Academy High School,HS,FALSE,Strong,63,,,Average,48,Average,56,Weak,,,,88.40%,1852,39
609719,Lake View High School,HS,FALSE,Strong,64,,,Average,52,Average,43,Weak,,,,87.70%,1500,6
610368,Langston Hughes Elementary School,ES,FALSE,Weak,28,Average,54,Very Weak,16,Weak,30,Weak,62,Average,48,90.00%,424,49
610033,LaSalle Elementary Language Academy,ES,FALSE,Very Strong,99,Strong,79,Strong,62,Average,52,Weak,39,Average,43,96.80%,576,7
610520,LaSalle II Magnet Elementary School,ES,FALSE,Strong,66,Very Strong,81,Weak,36,Average,52,Weak,83,Strong,79,95.10%,609,24
609910,Laughlin Falconer Elementary School,ES,FALSE,Average,54,Weak,24,Average,48,Weak,27,Weak,22,Weak,30,96.10%,1520,19
610133,Laura S Ward Elementary School,ES,FALSE,,,,,,,,,Weak,,,,92.90%,429,23
610034,Lawle Elementary Community Academy,ES,FALSE,,,,,,,,,Weak,,,,91.00%,508,29
610024,Lazaro Cardenas Elementary School,ES,FALSE,,,Average,58,,,,,Weak,62,Average,58,96.30%,654,30
609907,Leif Ericson Elementary Scholastic Academy,ES,FALSE,Weak,33,,,Average,49,Average,52,Weak,,,,94.70%,518,27
610298,Lenart Elementary Regional Gifted Center,ES,FALSE,Strong,79,Average,58,Average,51,Strong,67,Weak,50,Strong,63,97.40%,328,44
610036,Leslie Lewis Elementary School,ES,FALSE,Weak,21,Weak,37,Weak,36,Strong,64,Weak,30,Average,48,91.80%,565,25
609738,Lincoln Park High School,HS,FALSE,Strong,65,Strong,61,Average,44,Average,49,Weak,45,Average,45,84.60%,2342,7
609807,Lionel Hampton Fine & Performing Arts Elementary School,ES,FALSE,Average,42,,,Weak,34,Weak,28,Weak,,,,95.00%,658,70
609834,Little Village Elementary School,ES,FALSE,Average,45,Average,43,Average,52,Strong,66,Weak,45,Average,43,96.70%,842,30
610325,Logale Middle School,MS,FALSE,Average,56,,,Weak,32,Weak,28,Weak,,,,95.10%,941,21
609809,Lorenz Brentano Math & Science Academy Elementary School,ES,FALSE,Average,57,Average,47,Average,43,Average,46,Weak,30,Weak,32,94.70%,455,22
609773,Louis A Agassiz Elementary School,ES,FALSE,Average,53,,,Weak,23,Weak,21,Weak,,,,95.20%,432,6
609774,Louisa May Alcott Elementary School,ES,FALSE,,,Strong,66,,,,,Weak,56,Average,57,96.60%,481,7
610156,Louis Armstrong Math & Science Elementary School,ES,FALSE,Average,42,,,Average,49,Strong,62,Weak,,,,92.60%,93,25
610094,Louis Nettelhorst Elementary School,ES,FALSE,Average,58,,,Weak,34,Weak,30,Weak,,,,95.50%,729,6
610117,Louis Pasteur Elementary School,ES,FALSE,Average,50,,,Average,42,Weak,38,Weak,,,,95.00%,1173,62
610237,Ludwig Van Beethoven Elementary School,ES,FALSE,Average,40,,,Average,58,Average,59,Weak,,,,93.70%,411,38
610108,Luke O'Toole Elementary School,ES,FALSE,Very Weak,5,,,Weak,33,Average,40,Weak,,,,89.20%,511,67
609818,Luther Burbank Elementary School,ES,FALSE,Weak,37,,,Average,42,Weak,34,Weak,,,,95.20%,1139,19
609817,Lyman A Budlong Elementary School,ES,FALSE,Average,59,Average,56,Weak,33,Weak,38,Weak,44,Average,41,95.40%,864,4
610205,Lyman Trumbull Elementary School,ES,FALSE,Average,56,,,Average,47,Weak,25,Weak,,,,94.30%,438,77
610369,Mahalia Jackson Elementary School,ES,FALSE,Weak,38,,,Average,54,Strong,66,Weak,,,,92.50%,323,71
610197,Mancel Talcott Elementary School,ES,FALSE,Strong,63,Average,58,Average,59,Strong,71,Weak,53,Average,55,95.80%,580,24
609722,Manley Career Academy High School,HS,FALSE,Average,41,Weak,39,Average,43,Weak,31,Weak,19,Weak,32,66.80%,599,27
609872,Manuel Perez Elementary School,ES,TRUE,Average,45,,,Average,42,Average,45,Weak,,,,95.90%,426,31
610128,Marcus Moziah Garvey Elementary School,ES,FALSE,Average,50,,,Average,50,Average,48,Weak,,,,94.00%,356,73
610544,Mariano Azuela Elementary School,ES,FALSE,Average,54,Very Strong,96,Strong,61,Very Strong,81,Weak,73,Very Strong,84,95.50%,873,65
610017,Maria Saucedo Elementary Scholastic Academy,ES,FALSE,Strong,60,,,Average,55,Strong,64,Weak,,,,96.80%,1306,30
609756,Marie Sklodowska Curie Metropolitan High School,HS,FALSE,Average,43,Weak,35,Weak,37,Average,45,Weak,33,Weak,39,85.00%,3320,57
610502,Marine Military Math and Science Academy,HS,FALSE,Average,41,Average,49,Weak,38,Weak,34,Weak,53,Weak,35,91.30%,366,28
610081,Mark Sheridan Elementary Math & Science Academy,ES,FALSE,Strong,74,Average,59,Average,53,Strong,63,Weak,59,Strong,63,96.80%,535,60
610177,Mark Skinner Elementary School,ES,FALSE,Very Strong,87,,,Average,48,Average,53,Weak,,,,97.10%,784,28
610206,Mark Twain Elementary School,ES,FALSE,Strong,67,Strong,76,Average,46,Average,44,Weak,84,Strong,71,96.30%,1161,56
610053,Marquette Elementary School,ES,FALSE,Very Weak,15,,,Very Weak,17,Very Weak,17,Weak,,,,93.10%,1390,66
610152,Martha Ruggles Elementary School,ES,FALSE,Average,43,,,Weak,37,Average,41,Weak,,,,93.90%,417,69
610154,Martin A Ryerson Elementary School,ES,FALSE,Average,40,Weak,32,Average,48,Average,43,Weak,41,Weak,37,95.50%,445,23
610539,Marvin Camras Elementary School,ES,FALSE,Average,54,Average,58,Weak,37,Average,41,Weak,83,Very Strong,88,95.10%,826,19
610355,Mary E Courtenay Elementary Language Arts Center,ES,FALSE,Very Strong,99,,,Very Strong,95,Very Strong,80,Weak,,,,94.90%,257,6
610312,Mary E McDowell Elementary School,ES,FALSE,,,Average,49,,,,,Weak,74,Average,53,95.50%,188,48
610127,Mary Gage Peterson Elementary School,ES,FALSE,Strong,62,,,Average,49,Average,58,Weak,,,,95.50%,860,13
610046,Mary Lyon Elementary School,ES,FALSE,Average,55,,,Average,42,Weak,38,Weak,,,,95.90%,1423,19
609888,Mary Mapes Dodge Elementary Renaissance Academy,ES,FALSE,Average,57,Strong,61,Strong,68,Strong,73,Weak,77,Very Strong,83,94.40%,434,27
610365,Mary McLeod Bethune Elementary School,ES,FALSE,Average,53,Average,47,Average,53,Weak,39,Weak,31,Average,46,93.30%,362,27
610535,Mason High School,HS,FALSE,Average,50,,,Average,59,Average,59,Weak,,,,90.40%,48,29
610240,Matthew A Henson Elementary School,ES,FALSE,Weak,37,,,Weak,34,Weak,22,Weak,,,,90.90%,271,29
609935,Matthew Gallistel Elementary Language Academy,ES,FALSE,Average,49,Average,45,Weak,37,Weak,32,Weak,49,Average,40,95.10%,1408,52
610362,Medgar Evers Elementary School,ES,FALSE,Weak,27,,,Weak,35,Average,49,Weak,,,,94.90%,367,73
609928,Melville W Fuller Elementary School,ES,FALSE,Weak,22,,,Weak,32,Weak,33,Weak,,,,91.80%,241,38
610055,Michael Faraday Elementary School,ES,FALSE,Weak,35,,,Strong,65,Strong,66,Weak,,,,93.30%,194,27
609832,Michael M Byrne Elementary School,ES,FALSE,Strong,63,Strong,61,Weak,35,Weak,38,Weak,59,Average,57,94.60%,705,56
610244,Michele Clark Academic Prep Magnet High School,HS,FALSE,,,,,,,,,Weak,,,,79.10%,726,25
610208,Mildred I Lavizzo Elementary School,ES,FALSE,Very Weak,15,Weak,35,Average,41,Average,46,Weak,39,Weak,30,91.50%,394,49
609830,Milton Brunson Math & Science Specialty Elementary School,ES,FALSE,Weak,30,,,Weak,30,Average,45,Weak,,,,91.30%,658,25
610011,Minnie Mars Jamieson Elementary School,ES,FALSE,Strong,64,Average,50,Strong,62,Strong,66,Weak,55,Average,41,95.70%,811,2
610018,Miriam G Canter Middle School,MS,FALSE,Average,57,Average,55,Weak,31,Weak,37,Weak,61,Strong,62,91.40%,222,39
609725,Morgan Park High School,HS,FALSE,Average,40,,,Weak,25,Weak,38,Weak,,,,84.20%,1584,75
610257,Morton School of Excellence,ES,FALSE,Average,53,Average,49,Strong,66,Strong,63,Weak,86,Very Strong,95,93.60%,349,23
610075,Moses Montefiore Special Elementary School,ES,FALSE,Weak,28,,,Average,42,Very Weak,14,Weak,,,,80.40%,21,28
610082,Mount Greenwood Elementary School,ES,FALSE,Very Strong,84,,,Average,58,Weak,38,Weak,,,,96.00%,909,74
610086,Mount Vernon Elementary School,ES,FALSE,Weak,31,Weak,26,Average,42,Average,44,Weak,14,Very Weak,19,93.30%,290,73
610385,Multicultural Academy of Scholarship,HS,FALSE,Average,48,,,Average,47,Average,42,Weak,,,,89.20%,324,30
609806,Myra Bradwell Communications Arts & Sciences Elementary School,ES,FALSE,Weak,31,Weak,35,Average,41,Average,50,Weak,52,Average,54,92.10%,775,43
609952,Nathanael Greene Elementary School,ES,TRUE,,,,,,,,,Weak,,,,95.50%,631,59
609960,Nathan Hale Elementary School,ES,FALSE,Average,55,Strong,63,Average,51,Average,56,Weak,75,Strong,65,94.50%,872,64
610134,Nathaniel Pope Elementary School,ES,FALSE,Average,48,,,Strong,73,Very Strong,83,Weak,,,,91.60%,200,29
610348,Nathan R Goldblatt Elementary School,ES,FALSE,Average,49,,,Very Strong,80,Very Strong,99,Weak,,,,92.90%,268,26
609876,Nathan S Davis Elementary School,ES,FALSE,Average,43,,,Average,41,Average,46,Weak,,,,95.10%,1032,58
610231,National Teachers Elementary Academy,ES,FALSE,Strong,67,Strong,70,Strong,65,Strong,60,Weak,59,Average,46,94.70%,446,33
609692,Neal F Simeon Career Academy High School,HS,FALSE,Average,52,,,Weak,33,Average,42,Weak,,,,78.60%,1535,44
610085,Near North Elementary School,ES,FALSE,Average,50,,,Weak,27,Weak,23,Weak,,,,80.20%,91,24
610284,New Field Elementary School,ES,FALSE,,,,,,,,,Weak,,,,96.20%,696,1
610323,New Millennium High School of Health at Bowen,HS,FALSE,Very Weak,17,Weak,23,Weak,37,Weak,25,Weak,29,Very Weak,6,75.60%,701,46
609792,Newton Bateman Elementary School,ES,FALSE,Average,55,Weak,36,Average,50,Average,47,Weak,25,Weak,34,96.20%,1015,16
609730,Nicholas Senn High School,HS,FALSE,Average,48,,,Average,45,Average,42,Weak,,,,81.70%,1053,77
609793,Nicholson Technology Academy,ES,FALSE,Average,48,Weak,37,Strong,74,Strong,73,Weak,42,Weak,39,93.40%,464,68
609961,Ninos Heroes Elementary Academic Center,ES,FALSE,Weak,36,,,Strong,61,Average,55,Weak,,,,93.90%,435,46
609810,Norman A Bridge Elementary School,ES,FALSE,Strong,67,,,Average,49,Weak,35,Weak,,,,95.60%,1004,17
609691,North-Grand High School,HS,FALSE,Average,42,,,Weak,39,Weak,25,Weak,,,,88.60%,883,23
610354,North River Elementary School,ES,FALSE,Strong,67,Strong,60,Average,53,Average,51,Weak,47,Average,47,95.60%,359,14
609749,Northside College Preparatory High School,HS,FALSE,Very Strong,99,,,Very Strong,99,Very Strong,88,Weak,,,,95.70%,1053,13
609762,Percy L Julian High School,HS,FALSE,Weak,28,Average,50,Weak,30,Weak,35,Weak,53,Average,51,74.60%,1226,73
609744,Northside Learning Center High School,HS,FALSE,Very Strong,99,Very Strong,99,Very Strong,81,Weak,34,Weak,75,Very Strong,84,89.80%,298,13
610051,Northwest Middle School,MS,FALSE,Weak,34,,,Very Weak,17,Very Weak,13,Weak,,,,93.40%,756,19
610099,Norwood Park Elementary School,ES,FALSE,Very Strong,99,Very Strong,86,Strong,69,Strong,68,Weak,31,Weak,32,95.50%,359,10
610529,Ogden International High School,HS,FALSE,Average,56,,,Weak,39,Weak,24,Weak,,,,94.20%,558,24
610201,Ole A Thorp Elementary Scholastic Academy,ES,FALSE,Strong,70,Strong,61,Average,47,Average,40,Weak,47,Average,57,96.40%,834,17
610300,Oliver S Westcott Elementary School,ES,FALSE,Weak,30,Average,41,Average,48,Average,54,Weak,47,Average,47,92.60%,413,44
609997,Oliver Wendell Holmes Elementary School,ES,FALSE,Weak,21,,,Weak,23,Average,41,Weak,,,,87.00%,334,68
610105,Oriole Park Elementary School,ES,FALSE,Very Strong,99,,,Very Strong,88,Strong,71,Weak,,,,96.50%,648,10
610329,Orozco Fine Arts & Sciences Elementary School,ES,FALSE,Average,55,,,Weak,34,Average,44,Weak,,,,97.60%,636,31
610389,Orr Academy High School,HS,FALSE,,,,,,,,,Weak,,,,66.30%,831,23
609811,Orville T Bright Elementary School,ES,FALSE,Very Weak,18,,,Weak,28,Weak,27,Weak,,,,92.20%,361,51
610367,Oscar DePriest Elementary School,ES,FALSE,Weak,35,Weak,39,Average,47,Average,53,Weak,51,Weak,39,92.70%,524,25
610059,Oscar F Mayer Elementary School,ES,FALSE,Strong,67,,,Weak,35,Average,46,Weak,,,,95.00%,605,7
610021,Pablo Casals Elementary School,ES,FALSE,,,,,,,,,Weak,,,,92.00%,505,23
610115,Park Manor Elementary School,ES,FALSE,Weak,28,Average,42,Average,42,Average,48,Weak,69,Strong,67,94.90%,352,69
610116,Parkside Elementary Community Academy,ES,FALSE,,,,,,,,,Weak,,,,89.80%,348,43
609988,Patrick Henry Elementary School,ES,FALSE,Average,45,Average,56,Average,46,Average,43,Weak,68,Average,45,95.10%,650,16
610003,Paul Cuffe Math-Science Technology Academy Elementary School,ES,FALSE,Average,51,Strong,60,Average,45,Average,54,Weak,66,Very Strong,83,93.60%,512,71
609676,Paul Laurence Dunbar Career Academy High School,HS,FALSE,Weak,29,Average,57,Weak,31,Weak,37,Weak,57,Average,49,76.90%,1456,35
610146,Paul Revere Elementary School,ES,FALSE,Weak,36,,,Average,42,Average,56,Weak,,,,92.40%,320,69
609707,Paul Robeson High School,HS,FALSE,Weak,29,,,Weak,33,Average,40,Weak,,,,73.50%,733,68
609791,Perkins Bass Elementary School,ES,FALSE,Weak,28,Average,50,Average,47,Average,57,Weak,52,Average,42,92.10%,369,68
610395,Pershing West Middle School,MS,FALSE,Average,46,Average,53,Weak,34,Average,55,Weak,76,Average,58,96.20%,269,35
610145,Peter A Reinberg Elementary School,ES,FALSE,Strong,60,Average,51,Weak,35,Weak,30,Weak,60,Average,54,95.80%,832,15
609867,Peter Cooper Elementary Dual Language Academy,ES,FALSE,,,,,,,,,Weak,,,,96.20%,709,31
610147,Philip Rogers Elementary School,ES,FALSE,Very Strong,81,Strong,76,Strong,68,Strong,62,Weak,75,Strong,64,96.40%,735,2
609777,Phillip D Armour Elementary School,ES,FALSE,Weak,36,,,Weak,34,Very Weak,14,Weak,,,,93.90%,365,60
610090,Phillip Murray Elementary Language Academy,ES,FALSE,Strong,66,,,Weak,34,Weak,37,Weak,,,,95.60%,533,41
609981,Phobe Apperson Hearst Elementary School,ES,FALSE,Weak,33,,,Weak,31,Weak,27,Weak,,,,92.10%,364,56
610304,Phoenix Military Academy High School,HS,FALSE,Average,53,,,Average,59,Strong,78,Weak,,,,92.10%,461,28
610013,Pilsen Elementary Community Academy,ES,FALSE,Average,43,Average,40,Average,49,Average,55,Weak,16,Weak,37,96.00%,447,31
610135,Portage Park Elementary School,ES,FALSE,Strong,62,,,Average,46,Weak,32,Weak,,,,94.20%,1139,15
610138,Pulaski International Academy Elmentary School,ES,FALSE,Strong,68,Average,45,Average,54,Average,57,Weak,26,Weak,23,96.10%,864,22
609842,Rachel Carson Elementary School,ES,FALSE,Weak,38,Weak,36,Average,45,Average,56,Weak,26,Weak,36,97.60%,1222,63
609902,Ralph H Metcalfe Elementary Community Academy,ES,FALSE,,,,,,,,,Weak,,,,94.90%,489,53
610141,Ravenswood Elementary School,ES,FALSE,Average,46,,,Average,42,Average,41,Weak,,,,94.90%,465,6
609769,Ray Graham Training Center High School,HS,FALSE,Very Strong,90,Very Strong,82,Average,52,Weak,39,Weak,63,Average,52,86.30%,137,33
609903,Richard Edwards Elementary School,ES,FALSE,Average,48,Average,48,Weak,38,Average,41,Weak,49,Average,49,95.30%,1503,57
610291,Richard Henry Lee Elementary School,ES,FALSE,Average,59,,,Average,46,Weak,35,Weak,,,,95.00%,832,65
610239,Richard J Daley Elementary Academy,ES,FALSE,Weak,29,Average,40,Weak,37,Average,46,Weak,50,Average,42,94.90%,797,61
610102,Richard J Oglesby Elementary School,ES,FALSE,Average,44,Average,40,Average,49,Average,49,Weak,43,Weak,32,94.40%,402,71
609702,Richard T Crane Technical Preparatory High School,HS,FALSE,Average,43,,,Average,50,Average,48,Weak,,,,57.90%,478,28
610234,Richard Yates Elementary School,ES,FALSE,Average,42,,,Strong,66,Strong,73,Weak,,,,93.70%,690,22
609695,Roald Amundsen High School,HS,FALSE,Average,51,Average,44,Average,43,Average,42,Weak,27,Average,41,81.10%,1532,4
610350,Robert A Black Magnet Elementary School,ES,FALSE,Strong,68,,,Strong,63,Average,58,Weak,,,,96.00%,474,48
609906,Robert Emmet Elementary School,ES,FALSE,Weak,37,,,Strong,64,Strong,71,Weak,,,,89.80%,460,25
609929,Robert Fulton Elementary School,ES,FALSE,Average,46,Average,41,Strong,63,Strong,63,Weak,53,Weak,39,95.10%,466,61
609979,Robert Healy Elementary School,ES,FALSE,Strong,63,,,Average,54,Weak,36,Weak,,,,96.60%,1384,60
610045,Robert H Lawrence Elementary School,ES,FALSE,Very Weak,19,Weak,29,Average,40,Average,51,Weak,35,Weak,30,90.70%,371,51
609956,Robert L Grimes Elementary School,ES,FALSE,Strong,79,Strong,64,Average,56,Average,59,Weak,72,Strong,71,95.20%,486,64
610391,Robert Lindblom Math & Science Academy High School,HS,FALSE,Strong,66,,,Strong,75,Very Strong,85,Weak,,,,92.70%,916,67
610252,Robert Nathaniel Dett Elementary School,ES,FALSE,Average,48,,,Average,51,Strong,65,Weak,,,,94.40%,250,28
609759,Roberto Clemente Community Academy High School,HS,FALSE,Average,44,Weak,31,Weak,39,Weak,34,Weak,28,Weak,25,69.60%,1016,24
610029,Rodolfo Lozano Bilingual & International Center Elementary School,ES,FALSE,Average,55,,,Weak,39,Weak,37,Weak,,,,94.80%,319,24
609733,Roger C Sullivan High School,HS,FALSE,Weak,30,Average,44,Weak,34,Weak,34,Weak,42,Weak,33,81.60%,826,1
610091,Ronald Brown Elementary Community Academy,ES,FALSE,Weak,31,Weak,26,Average,52,Weak,33,Weak,48,Average,45,93.80%,283,53
610282,Ronald E McNair Elementary School,ES,FALSE,Weak,31,Weak,30,Average,56,Average,59,Weak,32,Weak,20,90.70%,422,25
609826,Rosario Castellanos Elementary School,ES,FALSE,Weak,36,Weak,24,Weak,34,Weak,20,Weak,17,Weak,31,96.30%,525,30
610056,Roswell B Mason Elementary School,ES,FALSE,Weak,37,Average,47,Average,44,Average,58,Weak,50,Weak,36,92.40%,479,29
610027,Rudyard Kipling Elementary School,ES,FALSE,Average,52,,,Average,42,Average,42,Weak,,,,94.70%,445,73
610250,Rueben Salazar Elementary Bilingual Center,ES,FALSE,Strong,64,,,Average,54,Average,53,Weak,,,,95.10%,444,8
609995,Rufus M Hitch Elementary School,ES,TRUE,Strong,64,Strong,77,Average,55,Average,58,Weak,65,Strong,70,95.10%,542,10
609853,Salmon P Chase Elementary School,ES,FALSE,Average,55,Weak,28,Average,59,Weak,39,Weak,25,Weak,27,95.40%,504,22
609943,Samuel Gompers Fine Arts Options Elementary School,ES,FALSE,Weak,34,Average,42,Average,48,Average,52,Weak,57,Average,59,93.60%,285,53
610155,Sauganash Elementary School,ES,FALSE,Very Strong,99,,,Strong,76,Strong,61,Weak,,,,96.30%,549,12
609805,Scott Joplin Elementary School,ES,FALSE,Weak,35,Weak,29,Average,44,Average,53,Weak,45,Weak,34,95.00%,538,71
609968,Sharon Christa McAuliffe Elementary School,ES,TRUE,,,,,,,,,Weak,,,,93.90%,862,20
610157,Sidney Sawyer Elementary School,ES,FALSE,Average,57,Weak,30,Average,41,Weak,39,Weak,24,Weak,29,96.80%,1846,63
610283,Simon Guggenheim Elementary School,ES,FALSE,Weak,30,,,Weak,38,Weak,22,Weak,,,,90.90%,291,68
610521,Sir Miles Davis Magnet Elementary Academy,ES,FALSE,Weak,35,,,Average,51,Average,54,Weak,,,,93.00%,354,67
610534,Skinner North,ES,FALSE,,,,,,,,,Weak,,,,96.40%,242,8
610226,Socorro Sandoval Elementary School,ES,FALSE,,,,,,,,,Weak,,,,95.80%,1186,63
610160,Songhai Elementary Learning Institute,ES,FALSE,Very Weak,17,,,Average,47,Average,54,Weak,,,,89.50%,352,53
609990,South Loop Elementary School,ES,FALSE,Very Strong,84,Strong,66,Weak,34,Weak,36,Weak,57,Average,46,95.30%,795,33
610530,South Shore Fine Arts Academy,ES,FALSE,,,,,,,,,Weak,,,,93.60%,255,43
609745,Southside Occupational Academy High School,HS,FALSE,,,Average,52,,,,,Weak,47,Strong,60,85.50%,201,67
610183,Spencer Technology Academy,ES,FALSE,Weak,35,Average,50,Average,57,Strong,71,Weak,66,Average,56,92.50%,811,25
610357,Spry Community Links High School,HS,FALSE,Strong,70,,,Very Strong,92,Very Strong,87,Weak,,,,95.60%,205,30
609880,Stephen Decatur Classical Elementary School,ES,FALSE,Very Strong,99,Very Strong,99,Very Strong,99,Very Strong,99,Weak,99,Very Strong,99,96.20%,289,2
609933,Stephen F Gale Elementary Community Academy,ES,FALSE,Weak,39,Weak,31,Weak,35,Weak,27,Weak,33,Weak,29,92.10%,532,1
609976,Stephen K Hayt Elementary School,ES,FALSE,Strong,72,Strong,61,Average,52,Average,44,Weak,48,Strong,66,95.60%,1000,77
609724,Stephen T Mather High School,HS,FALSE,Average,58,Average,44,Average,48,Average,47,Weak,50,Average,56,87.60%,1657,2
610191,Stone Elementary Scholastic Academy,ES,FALSE,Strong,78,,,Average,55,Average,43,Weak,,,,96.40%,646,2
610405,Suder Montessori Magnet Elementary School,ES,FALSE,,,,,,,,,Weak,,,,96.60%,351,28
610249,Talman Elementary School,ES,FALSE,Very Strong,99,Very Strong,99,Very Strong,99,Very Strong,99,Weak,85,Very Strong,81,96.20%,376,63
610396,Tarkington School of Excellence Elementary School,ES,FALSE,Average,48,,,Weak,39,Average,40,Weak,,,,95.90%,1070,66
610506,TEAM Englewood Community Academy High School,HS,FALSE,Average,45,Average,48,Average,55,Average,53,Weak,74,Strong,68,87.30%,440,68
609921,Telpochcalli Elementary School,ES,FALSE,Average,42,Average,48,Very Weak,19,Weak,22,Weak,82,Strong,69,95.40%,285,30
609991,Theodore Herzl Elementary School,ES,FALSE,Average,41,,,Average,53,Strong,65,Weak,,,,90.80%,512,29
609728,Theodore Roosevelt High School,HS,FALSE,Average,42,,,Average,42,Weak,37,Weak,,,,82.30%,1490,14
610178,Theophilus Schmid Elementary School,ES,FALSE,Average,46,,,Weak,31,Average,53,Weak,,,,92.10%,185,50
609794,Thomas A Edison Regional Gifted Center Elementary School,ES,FALSE,Very Strong,91,,,Strong,64,Average,56,Weak,,,,96.60%,269,14
609987,Thomas A Hendricks Elementary Community Academy,ES,FALSE,Weak,33,,,Strong,67,Strong,78,Weak,,,,91.20%,307,37
609851,Thomas Chalmers Specialty Elementary School,ES,FALSE,Weak,34,Strong,76,Weak,39,Average,45,Weak,88,Strong,78,94.40%,288,29
609896,Thomas Drummond Elementary School,ES,FALSE,Strong,72,,,Average,59,Average,46,Weak,,,,95.20%,352,22
610002,Thomas Hoyne Elementary School,ES,FALSE,Strong,67,Strong,66,Strong,77,Strong,73,Weak,67,Strong,66,94.80%,288,48
610295,Thomas J Higgins Elementary Community Academy,ES,FALSE,,,,,,,,,Weak,,,,95.20%,369,53
610220,Thomas J Waters Elementary School,ES,FALSE,Very Strong,85,,,Average,56,Average,54,Weak,,,,96.10%,590,4
609715,Thomas Kelly High School,HS,FALSE,Weak,36,Average,53,Weak,36,Weak,35,Weak,61,Average,57,89.30%,2883,58
610321,Thurgood Marshall Middle School,MS,FALSE,Weak,39,,,Very Weak,11,Very Weak,1,Weak,,,,94.00%,435,16
609895,Turner-Drew Elementary Language Academy,ES,FALSE,Average,56,Average,56,Average,48,Average,51,Weak,75,Strong,66,95.80%,373,49
610394,Uplift Community High School,HS,FALSE,Average,50,Average,50,Strong,61,Strong,62,Weak,48,Average,53,88.70%,473,3
610504,Velma F Thomas Early Childhood Center,ES,FALSE,,,,,,,,,Weak,,,,,211,59
609989,Victor Herbert Elementary School,ES,FALSE,Average,50,Average,52,Strong,64,Strong,72,Weak,48,Average,50,92.80%,398,28
609944,Virgil Grissom Elementary School,ES,FALSE,Strong,62,Strong,66,Average,51,Strong,64,Weak,69,Very Strong,87,95.50%,330,55
610518,VOISE Academy High School,HS,FALSE,Average,42,,,Average,52,Average,52,Weak,,,,84.50%,410,25
610363,Walt Disney Magnet Elementary School,ES,FALSE,,,,,,,,,Weak,,,,96.40%,1651,3
610095,Walter L Newberry Math & Science Academy Elementary School,ES,FALSE,Strong,71,Strong,74,Average,52,Strong,66,Weak,41,Average,44,95.10%,558,7
609680,Walter Payton College Preparatory High School,HS,FALSE,Very Strong,98,,,Very Strong,80,Strong,77,Weak,,,,93.40%,881,8
609955,Walter Q Gresham Elementary School,ES,FALSE,Weak,25,Average,49,Very Weak,7,Very Weak,11,Weak,68,Average,57,95.50%,359,71
610264,Walter Reed Elementary School,ES,FALSE,Weak,29,,,Strong,62,Strong,68,Weak,,,,92.40%,44,68
609855,Walter S Christopher Elementary School,ES,FALSE,,,Average,48,,,,,Weak,72,Strong,64,86.10%,279,63
610179,Washington D Smyser Elementary School,ES,FALSE,Average,55,,,Average,43,Average,45,Weak,,,,95.50%,1047,15
610121,Washington Irving Elementary School,ES,FALSE,Average,43,,,Weak,34,Average,44,Weak,,,,95.60%,482,28
609740,Wells Community Academy High School,HS,FALSE,Average,51,Average,49,Average,41,Weak,38,Weak,65,Average,49,74.10%,633,24
610032,Wendell E Green Elementary School,ES,FALSE,Weak,32,,,Average,47,Average,53,Weak,,,,93.90%,254,73
609727,Wendell Phillips Academy High School,HS,FALSE,,,Strong,71,,,,,Weak,80,Strong,79,63.00%,590,35
609978,Wendell Smith Elementary School,ES,FALSE,Weak,22,Weak,24,Very Weak,1,Very Weak,1,Weak,31,Weak,29,92.10%,363,50
610100,West Park Elementary Academy,ES,FALSE,Weak,29,,,Weak,36,Average,40,Weak,,,,93.70%,686,23
610224,West Pullman Elementary School,ES,FALSE,Weak,23,Average,46,Average,55,Average,47,Weak,57,Average,50,91.20%,343,53
610542,West Ridge Elementary School,ES,FALSE,Strong,67,,,Average,41,Weak,28,Weak,,,,94.90%,659,2
609755,Whitney M Young Magnet High School,HS,FALSE,Very Strong,95,Very Strong,80,Strong,69,Strong,67,Weak,52,Average,46,94.60%,2166,28
610230,Wildwood Elementary School,ES,FALSE,Very Strong,99,Very Strong,90,Strong,77,Strong,67,Weak,55,Average,45,96.20%,414,12
610251,Willa Cather Elementary School,ES,FALSE,Strong,69,Strong,70,Strong,78,Very Strong,81,Weak,62,Very Strong,83,94.90%,234,27
610299,William A Hinton Elementary School,ES,FALSE,Very Weak,18,,,Weak,30,Weak,29,Weak,,,,91.70%,321,68
610109,William Bishop Owen Scholastic Academy Elementary School,ES,FALSE,Average,49,Strong,61,Weak,39,Average,56,Weak,51,Average,47,96.90%,243,70
610101,William B Ogden Elementary School,ES,FALSE,,,,,,,,,Weak,,,,95.10%,722,8
609945,William C Goudy Elementary School,ES,FALSE,Strong,70,Average,52,Strong,74,Strong,61,Weak,65,Average,52,96.10%,805,3
610143,William C Reavis Math & Science Specialty Elementary School,ES,FALSE,Average,48,Very Weak,6,Weak,37,Weak,26,Weak,10,Very Weak,15,93.50%,311,39
610364,William E B Dubois Elementary School,ES,FALSE,Average,47,,,Weak,33,Average,42,Weak,,,,93.30%,184,54
609884,William E Dever Elementary School,ES,FALSE,Strong,67,Strong,66,Strong,60,Strong,78,Weak,37,Weak,36,95.50%,843,17
609967,William F Finkl Elementary School,ES,FALSE,Average,56,Strong,60,Average,50,Average,52,Weak,41,Average,56,95.20%,588,31
609994,William G Hibbard Elementary School,ES,FALSE,,,,,,,,,Weak,,,,96.50%,1239,14
609812,William H Brown Elementary School,ES,FALSE,Weak,36,Strong,73,Average,58,Strong,78,Weak,74,Strong,73,92.80%,217,28
610023,William H King Elementary School,ES,FALSE,Average,47,,,Average,44,Average,47,Weak,,,,92.40%,264,28
609734,William Howard Taft High School,HS,FALSE,Strong,61,,,Weak,37,Weak,32,Weak,,,,89.10%,2922,10
610136,William H Prescott Elementary School,ES,FALSE,Very Strong,90,,,Average,51,Weak,24,Weak,,,,93.50%,240,7
610142,William H Ray Elementary School,ES,FALSE,Strong,69,,,Weak,22,Very Weak,12,Weak,,,,95.10%,654,41
610153,William H Ryder Math & Science Specialty Elementary School,ES,FALSE,Weak,34,,,Average,42,Average,50,Weak,,,,93.00%,302,71
610167,William H Seward Communication Arts Academy Elementary School,ES,FALSE,Average,40,Average,43,Weak,38,Average,41,Weak,66,Strong,63,95.70%,896,61
609698,William J Bogan High School,HS,FALSE,Weak,20,,,Very Weak,18,Weak,29,Weak,,,,75.20%,1656,70
610061,William J & Charles H Mayo Elementary School,ES,FALSE,Average,52,Average,55,Strong,62,Strong,65,Weak,52,Average,47,95.30%,453,35
610104,William J Onahan Elementary School,ES,FALSE,Strong,64,Average,59,Weak,29,Weak,27,Weak,32,Weak,39,95.70%,687,10
609678,William Jones College Preparatory High School,HS,FALSE,Very Strong,92,,,Strong,64,Strong,67,Weak,,,,93.80%,871,32
610193,William K New Sullivan Elementary School,ES,FALSE,Weak,27,Average,42,Weak,35,Average,40,Weak,58,Weak,33,90.30%,527,46
610123,William Penn Elementary School,ES,FALSE,Strong,78,,,Very Strong,99,Very Strong,99,Weak,,,,91.80%,423,29
609949,William P Gray Elementary School,ES,FALSE,Average,57,,,Average,44,Weak,35,Weak,,,,95.60%,1345,15
610097,William P Nixon Elementary School,ES,FALSE,Average,52,,,Strong,70,Strong,62,Weak,,,,95.60%,1061,20
609711,William Rainey Harper High School,HS,FALSE,Weak,22,Weak,32,Weak,39,Average,42,Weak,31,Weak,31,73.00%,621,67
610232,Williams Multiplex Elementary School,ES,FALSE,,,,,,,,,Weak,,,,91.60%,266,35
610336,Williams Preparatory Academy Middle School,MS,FALSE,Average,49,,,Average,42,Average,48,Weak,,,,93.30%,125,35
610172,William T Sherman Elementary School,ES,FALSE,Weak,32,,,Average,46,Average,55,Weak,,,,92.30%,462,61
609844,William W Carter Elementary School,ES,FALSE,Very Weak,13,Average,49,Weak,33,Weak,35,Weak,56,Strong,62,91.20%,371,40
610088,Wolfgang A Mozart Elementary School,ES,FALSE,Average,41,,,Average,56,Weak,32,Weak,,,,95.20%,748,22
609977,Woodlawn Community Elementary School,ES,FALSE,Strong,70,,,Very Strong,80,Strong,66,Weak,,,,93.90%,238,42
610392,World Language Academy High School,HS,FALSE,Average,51,Weak,33,Average,49,Average,47,Weak,49,Average,49,91.60%,382,30
